kind,year,stusps,state_name,area,zcta,split
metro-zcta,2026,AL,Alabama,"Birmingham-Hoover, AL HMFA",35080,0
metro-zcta,2026,AL,Alabama,"Birmingham-Hoover, AL HMFA",35147,0
metro-zcta,2026,AL,Alabama,"Birmingham-Hoover, AL HMFA",35213,0
metro-zcta,2026,AL,Alabama,"Birmingham-Hoover, AL HMFA",35223,0
metro-zcta,2026,AL,Alabama,"Chilton County, AL HMFA",35040,1
metro-zcta,2026,AL,Alabama,"Huntsville, AL MSA",35763,0
metro-zcta,2026,AL,Alabama,"Mobile, AL MSA",36505,0
metro-zcta,2026,AL,Alabama,"Montgomery, AL MSA",36113,0
metro-zcta,2026,AL,Alabama,"Pickens County, AL HMFA",35461,0
metro-zcta,2026,AK,Alaska,"Anchorage, AK HMFA",99505,0
metro-zcta,2026,AK,Alaska,"Fairbanks-College, AK MSA",99702,0
metro-zcta,2026,AK,Alaska,"Fairbanks-College, AK MSA",99703,0
metro-zcta,2026,AZ,Arizona,"Flagstaff, AZ MSA",86001,0
metro-zcta,2026,AZ,Arizona,"Flagstaff, AZ MSA",86004,0
metro-zcta,2026,AZ,Arizona,"Flagstaff, AZ MSA",86011,0
metro-zcta,2026,AZ,Arizona,"Flagstaff, AZ MSA",86015,0
metro-zcta,2026,AZ,Arizona,"Lake Havasu City-Kingman, AZ MSA",86021,0
metro-zcta,2026,AZ,Arizona,"Lake Havasu City-Kingman, AZ MSA",86022,1
metro-zcta,2026,AZ,Arizona,"Lake Havasu City-Kingman, AZ MSA",86404,0
metro-zcta,2026,AZ,Arizona,"Lake Havasu City-Kingman, AZ MSA",86406,0
metro-zcta,2026,AZ,Arizona,"Lake Havasu City-Kingman, AZ MSA",86432,0
metro-zcta,2026,AZ,Arizona,"Lake Havasu City-Kingman, AZ MSA",86438,0
metro-zcta,2026,AZ,Arizona,"Phoenix-Mesa-Chandler, AZ MSA",85004,0
metro-zcta,2026,AZ,Arizona,"Phoenix-Mesa-Chandler, AZ MSA",85012,0
metro-zcta,2026,AZ,Arizona,"Phoenix-Mesa-Chandler, AZ MSA",85013,0
metro-zcta,2026,AZ,Arizona,"Phoenix-Mesa-Chandler, AZ MSA",85016,0
metro-zcta,2026,AZ,Arizona,"Phoenix-Mesa-Chandler, AZ MSA",85022,0
metro-zcta,2026,AZ,Arizona,"Phoenix-Mesa-Chandler, AZ MSA",85024,0
metro-zcta,2026,AZ,Arizona,"Phoenix-Mesa-Chandler, AZ MSA",85028,0
metro-zcta,2026,AZ,Arizona,"Phoenix-Mesa-Chandler, AZ MSA",85044,0
metro-zcta,2026,AZ,Arizona,"Phoenix-Mesa-Chandler, AZ MSA",85045,0
metro-zcta,2026,AZ,Arizona,"Phoenix-Mesa-Chandler, AZ MSA",85048,0
metro-zcta,2026,AZ,Arizona,"Phoenix-Mesa-Chandler, AZ MSA",85050,0
metro-zcta,2026,AZ,Arizona,"Phoenix-Mesa-Chandler, AZ MSA",85054,0
metro-zcta,2026,AZ,Arizona,"Phoenix-Mesa-Chandler, AZ MSA",85083,0
metro-zcta,2026,AZ,Arizona,"Phoenix-Mesa-Chandler, AZ MSA",85085,0
metro-zcta,2026,AZ,Arizona,"Phoenix-Mesa-Chandler, AZ MSA",85086,0
metro-zcta,2026,AZ,Arizona,"Phoenix-Mesa-Chandler, AZ MSA",85087,0
metro-zcta,2026,AZ,Arizona,"Phoenix-Mesa-Chandler, AZ MSA",85121,0
metro-zcta,2026,AZ,Arizona,"Phoenix-Mesa-Chandler, AZ MSA",85138,0
metro-zcta,2026,AZ,Arizona,"Phoenix-Mesa-Chandler, AZ MSA",85140,0
metro-zcta,2026,AZ,Arizona,"Phoenix-Mesa-Chandler, AZ MSA",85142,0
metro-zcta,2026,AZ,Arizona,"Phoenix-Mesa-Chandler, AZ MSA",85143,0
metro-zcta,2026,AZ,Arizona,"Phoenix-Mesa-Chandler, AZ MSA",85147,0
metro-zcta,2026,AZ,Arizona,"Phoenix-Mesa-Chandler, AZ MSA",85209,0
metro-zcta,2026,AZ,Arizona,"Phoenix-Mesa-Chandler, AZ MSA",85212,0
metro-zcta,2026,AZ,Arizona,"Phoenix-Mesa-Chandler, AZ MSA",85215,0
metro-zcta,2026,AZ,Arizona,"Phoenix-Mesa-Chandler, AZ MSA",85224,0
metro-zcta,2026,AZ,Arizona,"Phoenix-Mesa-Chandler, AZ MSA",85226,0
metro-zcta,2026,AZ,Arizona,"Phoenix-Mesa-Chandler, AZ MSA",85233,0
metro-zcta,2026,AZ,Arizona,"Phoenix-Mesa-Chandler, AZ MSA",85234,0
metro-zcta,2026,AZ,Arizona,"Phoenix-Mesa-Chandler, AZ MSA",85248,0
metro-zcta,2026,AZ,Arizona,"Phoenix-Mesa-Chandler, AZ MSA",85249,0
metro-zcta,2026,AZ,Arizona,"Phoenix-Mesa-Chandler, AZ MSA",85250,0
metro-zcta,2026,AZ,Arizona,"Phoenix-Mesa-Chandler, AZ MSA",85251,0
metro-zcta,2026,AZ,Arizona,"Phoenix-Mesa-Chandler, AZ MSA",85253,0
metro-zcta,2026,AZ,Arizona,"Phoenix-Mesa-Chandler, AZ MSA",85254,0
metro-zcta,2026,AZ,Arizona,"Phoenix-Mesa-Chandler, AZ MSA",85255,0
metro-zcta,2026,AZ,Arizona,"Phoenix-Mesa-Chandler, AZ MSA",85257,0
metro-zcta,2026,AZ,Arizona,"Phoenix-Mesa-Chandler, AZ MSA",85258,0
metro-zcta,2026,AZ,Arizona,"Phoenix-Mesa-Chandler, AZ MSA",85259,0
metro-zcta,2026,AZ,Arizona,"Phoenix-Mesa-Chandler, AZ MSA",85260,0
metro-zcta,2026,AZ,Arizona,"Phoenix-Mesa-Chandler, AZ MSA",85262,0
metro-zcta,2026,AZ,Arizona,"Phoenix-Mesa-Chandler, AZ MSA",85263,0
metro-zcta,2026,AZ,Arizona,"Phoenix-Mesa-Chandler, AZ MSA",85264,0
metro-zcta,2026,AZ,Arizona,"Phoenix-Mesa-Chandler, AZ MSA",85266,0
metro-zcta,2026,AZ,Arizona,"Phoenix-Mesa-Chandler, AZ MSA",85268,0
metro-zcta,2026,AZ,Arizona,"Phoenix-Mesa-Chandler, AZ MSA",85281,0
metro-zcta,2026,AZ,Arizona,"Phoenix-Mesa-Chandler, AZ MSA",85282,0
metro-zcta,2026,AZ,Arizona,"Phoenix-Mesa-Chandler, AZ MSA",85283,0
metro-zcta,2026,AZ,Arizona,"Phoenix-Mesa-Chandler, AZ MSA",85284,0
metro-zcta,2026,AZ,Arizona,"Phoenix-Mesa-Chandler, AZ MSA",85286,0
metro-zcta,2026,AZ,Arizona,"Phoenix-Mesa-Chandler, AZ MSA",85295,0
metro-zcta,2026,AZ,Arizona,"Phoenix-Mesa-Chandler, AZ MSA",85296,0
metro-zcta,2026,AZ,Arizona,"Phoenix-Mesa-Chandler, AZ MSA",85297,0
metro-zcta,2026,AZ,Arizona,"Phoenix-Mesa-Chandler, AZ MSA",85298,0
metro-zcta,2026,AZ,Arizona,"Phoenix-Mesa-Chandler, AZ MSA",85305,0
metro-zcta,2026,AZ,Arizona,"Phoenix-Mesa-Chandler, AZ MSA",85307,0
metro-zcta,2026,AZ,Arizona,"Phoenix-Mesa-Chandler, AZ MSA",85308,0
metro-zcta,2026,AZ,Arizona,"Phoenix-Mesa-Chandler, AZ MSA",85309,0
metro-zcta,2026,AZ,Arizona,"Phoenix-Mesa-Chandler, AZ MSA",85310,0
metro-zcta,2026,AZ,Arizona,"Phoenix-Mesa-Chandler, AZ MSA",85331,0
metro-zcta,2026,AZ,Arizona,"Phoenix-Mesa-Chandler, AZ MSA",85338,0
metro-zcta,2026,AZ,Arizona,"Phoenix-Mesa-Chandler, AZ MSA",85339,0
metro-zcta,2026,AZ,Arizona,"Phoenix-Mesa-Chandler, AZ MSA",85340,0
metro-zcta,2026,AZ,Arizona,"Phoenix-Mesa-Chandler, AZ MSA",85353,0
metro-zcta,2026,AZ,Arizona,"Phoenix-Mesa-Chandler, AZ MSA",85355,0
metro-zcta,2026,AZ,Arizona,"Phoenix-Mesa-Chandler, AZ MSA",85374,0
metro-zcta,2026,AZ,Arizona,"Phoenix-Mesa-Chandler, AZ MSA",85377,0
metro-zcta,2026,AZ,Arizona,"Phoenix-Mesa-Chandler, AZ MSA",85379,0
metro-zcta,2026,AZ,Arizona,"Phoenix-Mesa-Chandler, AZ MSA",85382,0
metro-zcta,2026,AZ,Arizona,"Phoenix-Mesa-Chandler, AZ MSA",85383,0
metro-zcta,2026,AZ,Arizona,"Phoenix-Mesa-Chandler, AZ MSA",85387,0
metro-zcta,2026,AZ,Arizona,"Phoenix-Mesa-Chandler, AZ MSA",85388,0
metro-zcta,2026,AZ,Arizona,"Phoenix-Mesa-Chandler, AZ MSA",85392,0
metro-zcta,2026,AZ,Arizona,"Phoenix-Mesa-Chandler, AZ MSA",85395,0
metro-zcta,2026,AZ,Arizona,"Phoenix-Mesa-Chandler, AZ MSA",85396,0
metro-zcta,2026,AZ,Arizona,"Prescott Valley-Prescott, AZ MSA",86301,0
metro-zcta,2026,AZ,Arizona,"Prescott Valley-Prescott, AZ MSA",86314,0
metro-zcta,2026,AZ,Arizona,"Prescott Valley-Prescott, AZ MSA",86315,0
metro-zcta,2026,AZ,Arizona,"Prescott Valley-Prescott, AZ MSA",86325,0
metro-zcta,2026,AZ,Arizona,"Prescott Valley-Prescott, AZ MSA",86327,0
metro-zcta,2026,AZ,Arizona,"Prescott Valley-Prescott, AZ MSA",86336,1
metro-zcta,2026,AZ,Arizona,"Prescott Valley-Prescott, AZ MSA",86351,0
metro-zcta,2026,AZ,Arizona,"Sierra Vista-Douglas, AZ MSA",85613,0
metro-zcta,2026,AZ,Arizona,"Sierra Vista-Douglas, AZ MSA",85615,0
metro-zcta,2026,AZ,Arizona,"Sierra Vista-Douglas, AZ MSA",85650,0
metro-zcta,2026,AZ,Arizona,"Tucson, AZ MSA",85629,0
metro-zcta,2026,AZ,Arizona,"Tucson, AZ MSA",85641,0
metro-zcta,2026,AZ,Arizona,"Tucson, AZ MSA",85645,0
metro-zcta,2026,AZ,Arizona,"Tucson, AZ MSA",85658,1
metro-zcta,2026,AZ,Arizona,"Tucson, AZ MSA",85708,0
metro-zcta,2026,AZ,Arizona,"Tucson, AZ MSA",85737,0
metro-zcta,2026,AZ,Arizona,"Tucson, AZ MSA",85739,1
metro-zcta,2026,AZ,Arizona,"Tucson, AZ MSA",85742,0
metro-zcta,2026,AZ,Arizona,"Tucson, AZ MSA",85743,0
metro-zcta,2026,AZ,Arizona,"Tucson, AZ MSA",85747,0
metro-zcta,2026,AZ,Arizona,"Tucson, AZ MSA",85755,0
metro-zcta,2026,AZ,Arizona,"Yuma, AZ MSA",85350,0
metro-zcta,2026,AZ,Arizona,"Yuma, AZ MSA",85364,0
metro-zcta,2026,AZ,Arizona,"Yuma, AZ MSA",85365,0
metro-zcta,2026,AZ,Arizona,"Yuma, AZ MSA",85367,0
metro-zcta,2026,AR,Arkansas,"Fayetteville-Springdale-Rogers, AR MSA",72718,0
metro-zcta,2026,AR,Arkansas,"Fayetteville-Springdale-Rogers, AR MSA",72751,0
metro-zcta,2026,CA,California,"Bakersfield-Delano, CA MSA",93222,0
metro-zcta,2026,CA,California,"Bakersfield-Delano, CA MSA",93243,1
metro-zcta,2026,CA,California,"Bakersfield-Delano, CA MSA",93311,0
metro-zcta,2026,CA,California,"Bakersfield-Delano, CA MSA",93312,0
metro-zcta,2026,CA,California,"Bakersfield-Delano, CA MSA",93313,0
metro-zcta,2026,CA,California,"Bakersfield-Delano, CA MSA",93314,0
metro-zcta,2026,CA,California,"Bakersfield-Delano, CA MSA",93523,0
metro-zcta,2026,CA,California,"El Centro, CA MSA",92251,0
metro-zcta,2026,CA,California,"Fresno, CA HMFA",93611,0
metro-zcta,2026,CA,California,"Fresno, CA HMFA",93619,0
metro-zcta,2026,CA,California,"Fresno, CA HMFA",93626,1
metro-zcta,2026,CA,California,"Fresno, CA HMFA",93651,0
metro-zcta,2026,CA,California,"Fresno, CA HMFA",93667,0
metro-zcta,2026,CA,California,"Fresno, CA HMFA",93711,0
metro-zcta,2026,CA,California,"Fresno, CA HMFA",93720,1
metro-zcta,2026,CA,California,"Fresno, CA HMFA",93723,0
metro-zcta,2026,CA,California,"Fresno, CA HMFA",93730,0
metro-zcta,2026,CA,California,"Fresno, CA HMFA",93737,0
metro-zcta,2026,CA,California,"Hanford-Corcoran, CA MSA",93245,0
metro-zcta,2026,CA,California,"Los Angeles-Long Beach-Glendale, CA HMFA",90010,0
metro-zcta,2026,CA,California,"Los Angeles-Long Beach-Glendale, CA HMFA",90013,0
metro-zcta,2026,CA,California,"Los Angeles-Long Beach-Glendale, CA HMFA",90014,0
metro-zcta,2026,CA,California,"Los Angeles-Long Beach-Glendale, CA HMFA",90015,0
metro-zcta,2026,CA,California,"Los Angeles-Long Beach-Glendale, CA HMFA",90017,0
metro-zcta,2026,CA,California,"Los Angeles-Long Beach-Glendale, CA HMFA",90024,0
metro-zcta,2026,CA,California,"Los Angeles-Long Beach-Glendale, CA HMFA",90025,0
metro-zcta,2026,CA,California,"Los Angeles-Long Beach-Glendale, CA HMFA",90027,0
metro-zcta,2026,CA,California,"Los Angeles-Long Beach-Glendale, CA HMFA",90034,0
metro-zcta,2026,CA,California,"Los Angeles-Long Beach-Glendale, CA HMFA",90035,0
metro-zcta,2026,CA,California,"Los Angeles-Long Beach-Glendale, CA HMFA",90036,0
metro-zcta,2026,CA,California,"Los Angeles-Long Beach-Glendale, CA HMFA",90038,0
metro-zcta,2026,CA,California,"Los Angeles-Long Beach-Glendale, CA HMFA",90045,0
metro-zcta,2026,CA,California,"Los Angeles-Long Beach-Glendale, CA HMFA",90046,0
metro-zcta,2026,CA,California,"Los Angeles-Long Beach-Glendale, CA HMFA",90048,0
metro-zcta,2026,CA,California,"Los Angeles-Long Beach-Glendale, CA HMFA",90049,0
metro-zcta,2026,CA,California,"Los Angeles-Long Beach-Glendale, CA HMFA",90056,0
metro-zcta,2026,CA,California,"Los Angeles-Long Beach-Glendale, CA HMFA",90064,0
metro-zcta,2026,CA,California,"Los Angeles-Long Beach-Glendale, CA HMFA",90066,0
metro-zcta,2026,CA,California,"Los Angeles-Long Beach-Glendale, CA HMFA",90067,0
metro-zcta,2026,CA,California,"Los Angeles-Long Beach-Glendale, CA HMFA",90068,0
metro-zcta,2026,CA,California,"Los Angeles-Long Beach-Glendale, CA HMFA",90069,0
metro-zcta,2026,CA,California,"Los Angeles-Long Beach-Glendale, CA HMFA",90071,0
metro-zcta,2026,CA,California,"Los Angeles-Long Beach-Glendale, CA HMFA",90073,0
metro-zcta,2026,CA,California,"Los Angeles-Long Beach-Glendale, CA HMFA",90077,0
metro-zcta,2026,CA,California,"Los Angeles-Long Beach-Glendale, CA HMFA",90094,0
metro-zcta,2026,CA,California,"Los Angeles-Long Beach-Glendale, CA HMFA",90210,0
metro-zcta,2026,CA,California,"Los Angeles-Long Beach-Glendale, CA HMFA",90211,0
metro-zcta,2026,CA,California,"Los Angeles-Long Beach-Glendale, CA HMFA",90212,0
metro-zcta,2026,CA,California,"Los Angeles-Long Beach-Glendale, CA HMFA",90230,0
metro-zcta,2026,CA,California,"Los Angeles-Long Beach-Glendale, CA HMFA",90232,0
metro-zcta,2026,CA,California,"Los Angeles-Long Beach-Glendale, CA HMFA",90245,0
metro-zcta,2026,CA,California,"Los Angeles-Long Beach-Glendale, CA HMFA",90254,0
metro-zcta,2026,CA,California,"Los Angeles-Long Beach-Glendale, CA HMFA",90263,0
metro-zcta,2026,CA,California,"Los Angeles-Long Beach-Glendale, CA HMFA",90265,1
metro-zcta,2026,CA,California,"Los Angeles-Long Beach-Glendale, CA HMFA",90266,0
metro-zcta,2026,CA,California,"Los Angeles-Long Beach-Glendale, CA HMFA",90272,0
metro-zcta,2026,CA,California,"Los Angeles-Long Beach-Glendale, CA HMFA",90274,0
metro-zcta,2026,CA,California,"Los Angeles-Long Beach-Glendale, CA HMFA",90275,0
metro-zcta,2026,CA,California,"Los Angeles-Long Beach-Glendale, CA HMFA",90277,0
metro-zcta,2026,CA,California,"Los Angeles-Long Beach-Glendale, CA HMFA",90278,0
metro-zcta,2026,CA,California,"Los Angeles-Long Beach-Glendale, CA HMFA",90290,0
metro-zcta,2026,CA,California,"Los Angeles-Long Beach-Glendale, CA HMFA",90291,0
metro-zcta,2026,CA,California,"Los Angeles-Long Beach-Glendale, CA HMFA",90292,0
metro-zcta,2026,CA,California,"Los Angeles-Long Beach-Glendale, CA HMFA",90293,0
metro-zcta,2026,CA,California,"Los Angeles-Long Beach-Glendale, CA HMFA",90401,0
metro-zcta,2026,CA,California,"Los Angeles-Long Beach-Glendale, CA HMFA",90402,0
metro-zcta,2026,CA,California,"Los Angeles-Long Beach-Glendale, CA HMFA",90403,0
metro-zcta,2026,CA,California,"Los Angeles-Long Beach-Glendale, CA HMFA",90404,0
metro-zcta,2026,CA,California,"Los Angeles-Long Beach-Glendale, CA HMFA",90405,0
metro-zcta,2026,CA,California,"Los Angeles-Long Beach-Glendale, CA HMFA",90503,0
metro-zcta,2026,CA,California,"Los Angeles-Long Beach-Glendale, CA HMFA",90504,0
metro-zcta,2026,CA,California,"Los Angeles-Long Beach-Glendale, CA HMFA",90505,0
metro-zcta,2026,CA,California,"Los Angeles-Long Beach-Glendale, CA HMFA",90603,0
metro-zcta,2026,CA,California,"Los Angeles-Long Beach-Glendale, CA HMFA",90638,1
metro-zcta,2026,CA,California,"Los Angeles-Long Beach-Glendale, CA HMFA",90639,0
metro-zcta,2026,CA,California,"Los Angeles-Long Beach-Glendale, CA HMFA",90701,0
metro-zcta,2026,CA,California,"Los Angeles-Long Beach-Glendale, CA HMFA",90703,0
metro-zcta,2026,CA,California,"Los Angeles-Long Beach-Glendale, CA HMFA",90712,0
metro-zcta,2026,CA,California,"Los Angeles-Long Beach-Glendale, CA HMFA",90713,0
metro-zcta,2026,CA,California,"Los Angeles-Long Beach-Glendale, CA HMFA",90715,0
metro-zcta,2026,CA,California,"Los Angeles-Long Beach-Glendale, CA HMFA",90732,0
metro-zcta,2026,CA,California,"Los Angeles-Long Beach-Glendale, CA HMFA",90746,0
metro-zcta,2026,CA,California,"Los Angeles-Long Beach-Glendale, CA HMFA",90803,0
metro-zcta,2026,CA,California,"Los Angeles-Long Beach-Glendale, CA HMFA",90808,0
metro-zcta,2026,CA,California,"Los Angeles-Long Beach-Glendale, CA HMFA",90815,0
metro-zcta,2026,CA,California,"Los Angeles-Long Beach-Glendale, CA HMFA",91001,0
metro-zcta,2026,CA,California,"Los Angeles-Long Beach-Glendale, CA HMFA",91006,0
metro-zcta,2026,CA,California,"Los Angeles-Long Beach-Glendale, CA HMFA",91010,0
metro-zcta,2026,CA,California,"Los Angeles-Long Beach-Glendale, CA HMFA",91011,0
metro-zcta,2026,CA,California,"Los Angeles-Long Beach-Glendale, CA HMFA",91020,0
metro-zcta,2026,CA,California,"Los Angeles-Long Beach-Glendale, CA HMFA",91024,0
metro-zcta,2026,CA,California,"Los Angeles-Long Beach-Glendale, CA HMFA",91030,0
metro-zcta,2026,CA,California,"Los Angeles-Long Beach-Glendale, CA HMFA",91101,0
metro-zcta,2026,CA,California,"Los Angeles-Long Beach-Glendale, CA HMFA",91105,0
metro-zcta,2026,CA,California,"Los Angeles-Long Beach-Glendale, CA HMFA",91106,0
metro-zcta,2026,CA,California,"Los Angeles-Long Beach-Glendale, CA HMFA",91107,0
metro-zcta,2026,CA,California,"Los Angeles-Long Beach-Glendale, CA HMFA",91108,0
metro-zcta,2026,CA,California,"Los Angeles-Long Beach-Glendale, CA HMFA",91125,0
metro-zcta,2026,CA,California,"Los Angeles-Long Beach-Glendale, CA HMFA",91202,0
metro-zcta,2026,CA,California,"Los Angeles-Long Beach-Glendale, CA HMFA",91203,0
metro-zcta,2026,CA,California,"Los Angeles-Long Beach-Glendale, CA HMFA",91204,0
metro-zcta,2026,CA,California,"Los Angeles-Long Beach-Glendale, CA HMFA",91206,0
metro-zcta,2026,CA,California,"Los Angeles-Long Beach-Glendale, CA HMFA",91207,0
metro-zcta,2026,CA,California,"Los Angeles-Long Beach-Glendale, CA HMFA",91208,0
metro-zcta,2026,CA,California,"Los Angeles-Long Beach-Glendale, CA HMFA",91210,0
metro-zcta,2026,CA,California,"Los Angeles-Long Beach-Glendale, CA HMFA",91214,0
metro-zcta,2026,CA,California,"Los Angeles-Long Beach-Glendale, CA HMFA",91301,0
metro-zcta,2026,CA,California,"Los Angeles-Long Beach-Glendale, CA HMFA",91302,0
metro-zcta,2026,CA,California,"Los Angeles-Long Beach-Glendale, CA HMFA",91307,1
metro-zcta,2026,CA,California,"Los Angeles-Long Beach-Glendale, CA HMFA",91311,1
metro-zcta,2026,CA,California,"Los Angeles-Long Beach-Glendale, CA HMFA",91316,0
metro-zcta,2026,CA,California,"Los Angeles-Long Beach-Glendale, CA HMFA",91324,0
metro-zcta,2026,CA,California,"Los Angeles-Long Beach-Glendale, CA HMFA",91326,0
metro-zcta,2026,CA,California,"Los Angeles-Long Beach-Glendale, CA HMFA",91344,0
metro-zcta,2026,CA,California,"Los Angeles-Long Beach-Glendale, CA HMFA",91345,0
metro-zcta,2026,CA,California,"Los Angeles-Long Beach-Glendale, CA HMFA",91350,0
metro-zcta,2026,CA,California,"Los Angeles-Long Beach-Glendale, CA HMFA",91351,0
metro-zcta,2026,CA,California,"Los Angeles-Long Beach-Glendale, CA HMFA",91354,0
metro-zcta,2026,CA,California,"Los Angeles-Long Beach-Glendale, CA HMFA",91355,0
metro-zcta,2026,CA,California,"Los Angeles-Long Beach-Glendale, CA HMFA",91361,1
metro-zcta,2026,CA,California,"Los Angeles-Long Beach-Glendale, CA HMFA",91362,1
metro-zcta,2026,CA,California,"Los Angeles-Long Beach-Glendale, CA HMFA",91364,0
metro-zcta,2026,CA,California,"Los Angeles-Long Beach-Glendale, CA HMFA",91367,0
metro-zcta,2026,CA,California,"Los Angeles-Long Beach-Glendale, CA HMFA",91381,0
metro-zcta,2026,CA,California,"Los Angeles-Long Beach-Glendale, CA HMFA",91387,0
metro-zcta,2026,CA,California,"Los Angeles-Long Beach-Glendale, CA HMFA",91390,0
metro-zcta,2026,CA,California,"Los Angeles-Long Beach-Glendale, CA HMFA",91403,0
metro-zcta,2026,CA,California,"Los Angeles-Long Beach-Glendale, CA HMFA",91423,0
metro-zcta,2026,CA,California,"Los Angeles-Long Beach-Glendale, CA HMFA",91436,0
metro-zcta,2026,CA,California,"Los Angeles-Long Beach-Glendale, CA HMFA",91501,0
metro-zcta,2026,CA,California,"Los Angeles-Long Beach-Glendale, CA HMFA",91504,0
metro-zcta,2026,CA,California,"Los Angeles-Long Beach-Glendale, CA HMFA",91505,0
metro-zcta,2026,CA,California,"Los Angeles-Long Beach-Glendale, CA HMFA",91601,0
metro-zcta,2026,CA,California,"Los Angeles-Long Beach-Glendale, CA HMFA",91602,0
metro-zcta,2026,CA,California,"Los Angeles-Long Beach-Glendale, CA HMFA",91604,0
metro-zcta,2026,CA,California,"Los Angeles-Long Beach-Glendale, CA HMFA",91607,0
metro-zcta,2026,CA,California,"Los Angeles-Long Beach-Glendale, CA HMFA",91709,1
metro-zcta,2026,CA,California,"Los Angeles-Long Beach-Glendale, CA HMFA",91711,0
metro-zcta,2026,CA,California,"Los Angeles-Long Beach-Glendale, CA HMFA",91724,0
metro-zcta,2026,CA,California,"Los Angeles-Long Beach-Glendale, CA HMFA",91740,0
metro-zcta,2026,CA,California,"Los Angeles-Long Beach-Glendale, CA HMFA",91741,0
metro-zcta,2026,CA,California,"Los Angeles-Long Beach-Glendale, CA HMFA",91750,0
metro-zcta,2026,CA,California,"Los Angeles-Long Beach-Glendale, CA HMFA",91765,0
metro-zcta,2026,CA,California,"Los Angeles-Long Beach-Glendale, CA HMFA",91773,0
metro-zcta,2026,CA,California,"Los Angeles-Long Beach-Glendale, CA HMFA",91775,0
metro-zcta,2026,CA,California,"Los Angeles-Long Beach-Glendale, CA HMFA",91789,0
metro-zcta,2026,CA,California,"Los Angeles-Long Beach-Glendale, CA HMFA",91790,0
metro-zcta,2026,CA,California,"Los Angeles-Long Beach-Glendale, CA HMFA",91792,0
metro-zcta,2026,CA,California,"Los Angeles-Long Beach-Glendale, CA HMFA",93551,0
metro-zcta,2026,CA,California,"Madera County, CA HMFA",93614,0
metro-zcta,2026,CA,California,"Madera County, CA HMFA",93626,1
metro-zcta,2026,CA,California,"Madera County, CA HMFA",93636,0
metro-zcta,2026,CA,California,"Madera County, CA HMFA",93720,1
metro-zcta,2026,CA,California,"Merced, CA MSA",93635,0
metro-zcta,2026,CA,California,"Merced, CA MSA",95324,0
metro-zcta,2026,CA,California,"Merced, CA MSA",95348,0
metro-zcta,2026,CA,California,"Modesto, CA MSA",95230,1
metro-zcta,2026,CA,California,"Modesto, CA MSA",95326,0
metro-zcta,2026,CA,California,"Modesto, CA MSA",95357,0
metro-zcta,2026,CA,California,"Modesto, CA MSA",95363,0
metro-zcta,2026,CA,California,"Modesto, CA MSA",95368,0
metro-zcta,2026,CA,California,"Napa, CA MSA",94503,1
metro-zcta,2026,CA,California,"Oakland-Fremont, CA HMFA",94502,0
metro-zcta,2026,CA,California,"Oakland-Fremont, CA HMFA",94505,0
metro-zcta,2026,CA,California,"Oakland-Fremont, CA HMFA",94506,0
metro-zcta,2026,CA,California,"Oakland-Fremont, CA HMFA",94507,0
metro-zcta,2026,CA,California,"Oakland-Fremont, CA HMFA",94513,0
metro-zcta,2026,CA,California,"Oakland-Fremont, CA HMFA",94517,0
metro-zcta,2026,CA,California,"Oakland-Fremont, CA HMFA",94526,0
metro-zcta,2026,CA,California,"Oakland-Fremont, CA HMFA",94531,0
metro-zcta,2026,CA,California,"Oakland-Fremont, CA HMFA",94536,0
metro-zcta,2026,CA,California,"Oakland-Fremont, CA HMFA",94538,0
metro-zcta,2026,CA,California,"Oakland-Fremont, CA HMFA",94539,0
metro-zcta,2026,CA,California,"Oakland-Fremont, CA HMFA",94547,0
metro-zcta,2026,CA,California,"Oakland-Fremont, CA HMFA",94549,0
metro-zcta,2026,CA,California,"Oakland-Fremont, CA HMFA",94555,0
metro-zcta,2026,CA,California,"Oakland-Fremont, CA HMFA",94556,0
metro-zcta,2026,CA,California,"Oakland-Fremont, CA HMFA",94566,0
metro-zcta,2026,CA,California,"Oakland-Fremont, CA HMFA",94568,0
metro-zcta,2026,CA,California,"Oakland-Fremont, CA HMFA",94575,0
metro-zcta,2026,CA,California,"Oakland-Fremont, CA HMFA",94582,0
metro-zcta,2026,CA,California,"Oakland-Fremont, CA HMFA",94583,0
metro-zcta,2026,CA,California,"Oakland-Fremont, CA HMFA",94588,0
metro-zcta,2026,CA,California,"Oakland-Fremont, CA HMFA",94596,0
metro-zcta,2026,CA,California,"Oakland-Fremont, CA HMFA",94597,0
metro-zcta,2026,CA,California,"Oakland-Fremont, CA HMFA",94598,0
metro-zcta,2026,CA,California,"Oakland-Fremont, CA HMFA",94618,0
metro-zcta,2026,CA,California,"Oakland-Fremont, CA HMFA",94708,0
metro-zcta,2026,CA,California,"Oakland-Fremont, CA HMFA",95391,1
metro-zcta,2026,CA,California,"Oxnard-Thousand Oaks-Ventura, CA MSA",90265,1
metro-zcta,2026,CA,California,"Oxnard-Thousand Oaks-Ventura, CA MSA",91307,1
metro-zcta,2026,CA,California,"Oxnard-Thousand Oaks-Ventura, CA MSA",91311,1
metro-zcta,2026,CA,California,"Oxnard-Thousand Oaks-Ventura, CA MSA",91320,0
metro-zcta,2026,CA,California,"Oxnard-Thousand Oaks-Ventura, CA MSA",91360,0
metro-zcta,2026,CA,California,"Oxnard-Thousand Oaks-Ventura, CA MSA",91361,1
metro-zcta,2026,CA,California,"Oxnard-Thousand Oaks-Ventura, CA MSA",91362,1
metro-zcta,2026,CA,California,"Oxnard-Thousand Oaks-Ventura, CA MSA",91377,0
metro-zcta,2026,CA,California,"Oxnard-Thousand Oaks-Ventura, CA MSA",93012,0
metro-zcta,2026,CA,California,"Oxnard-Thousand Oaks-Ventura, CA MSA",93021,0
metro-zcta,2026,CA,California,"Oxnard-Thousand Oaks-Ventura, CA MSA",93063,0
metro-zcta,2026,CA,California,"Oxnard-Thousand Oaks-Ventura, CA MSA",93065,0
metro-zcta,2026,CA,California,"Redding, CA MSA",96073,0
metro-zcta,2026,CA,California,"Riverside-San Bernardino-Ontario, CA MSA",91701,0
metro-zcta,2026,CA,California,"Riverside-San Bernardino-Ontario, CA MSA",91708,0
metro-zcta,2026,CA,California,"Riverside-San Bernardino-Ontario, CA MSA",91709,1
metro-zcta,2026,CA,California,"Riverside-San Bernardino-Ontario, CA MSA",91710,0
metro-zcta,2026,CA,California,"Riverside-San Bernardino-Ontario, CA MSA",91730,0
metro-zcta,2026,CA,California,"Riverside-San Bernardino-Ontario, CA MSA",91737,0
metro-zcta,2026,CA,California,"Riverside-San Bernardino-Ontario, CA MSA",91739,0
metro-zcta,2026,CA,California,"Riverside-San Bernardino-Ontario, CA MSA",91752,0
metro-zcta,2026,CA,California,"Riverside-San Bernardino-Ontario, CA MSA",91759,1
metro-zcta,2026,CA,California,"Riverside-San Bernardino-Ontario, CA MSA",91761,0
metro-zcta,2026,CA,California,"Riverside-San Bernardino-Ontario, CA MSA",91762,0
metro-zcta,2026,CA,California,"Riverside-San Bernardino-Ontario, CA MSA",91763,0
metro-zcta,2026,CA,California,"Riverside-San Bernardino-Ontario, CA MSA",91764,0
metro-zcta,2026,CA,California,"Riverside-San Bernardino-Ontario, CA MSA",91766,1
metro-zcta,2026,CA,California,"Riverside-San Bernardino-Ontario, CA MSA",91784,0
metro-zcta,2026,CA,California,"Riverside-San Bernardino-Ontario, CA MSA",91786,0
metro-zcta,2026,CA,California,"Riverside-San Bernardino-Ontario, CA MSA",92203,0
metro-zcta,2026,CA,California,"Riverside-San Bernardino-Ontario, CA MSA",92211,0
metro-zcta,2026,CA,California,"Riverside-San Bernardino-Ontario, CA MSA",92223,0
metro-zcta,2026,CA,California,"Riverside-San Bernardino-Ontario, CA MSA",92234,0
metro-zcta,2026,CA,California,"Riverside-San Bernardino-Ontario, CA MSA",92253,0
metro-zcta,2026,CA,California,"Riverside-San Bernardino-Ontario, CA MSA",92260,0
metro-zcta,2026,CA,California,"Riverside-San Bernardino-Ontario, CA MSA",92262,0
metro-zcta,2026,CA,California,"Riverside-San Bernardino-Ontario, CA MSA",92264,0
metro-zcta,2026,CA,California,"Riverside-San Bernardino-Ontario, CA MSA",92270,0
metro-zcta,2026,CA,California,"Riverside-San Bernardino-Ontario, CA MSA",92310,0
metro-zcta,2026,CA,California,"Riverside-San Bernardino-Ontario, CA MSA",92313,0
metro-zcta,2026,CA,California,"Riverside-San Bernardino-Ontario, CA MSA",92317,0
metro-zcta,2026,CA,California,"Riverside-San Bernardino-Ontario, CA MSA",92320,0
metro-zcta,2026,CA,California,"Riverside-San Bernardino-Ontario, CA MSA",92322,0
metro-zcta,2026,CA,California,"Riverside-San Bernardino-Ontario, CA MSA",92324,0
metro-zcta,2026,CA,California,"Riverside-San Bernardino-Ontario, CA MSA",92325,0
metro-zcta,2026,CA,California,"Riverside-San Bernardino-Ontario, CA MSA",92335,0
metro-zcta,2026,CA,California,"Riverside-San Bernardino-Ontario, CA MSA",92336,0
metro-zcta,2026,CA,California,"Riverside-San Bernardino-Ontario, CA MSA",92337,0
metro-zcta,2026,CA,California,"Riverside-San Bernardino-Ontario, CA MSA",92339,0
metro-zcta,2026,CA,California,"Riverside-San Bernardino-Ontario, CA MSA",92342,0
metro-zcta,2026,CA,California,"Riverside-San Bernardino-Ontario, CA MSA",92344,0
metro-zcta,2026,CA,California,"Riverside-San Bernardino-Ontario, CA MSA",92350,0
metro-zcta,2026,CA,California,"Riverside-San Bernardino-Ontario, CA MSA",92352,0
metro-zcta,2026,CA,California,"Riverside-San Bernardino-Ontario, CA MSA",92354,0
metro-zcta,2026,CA,California,"Riverside-San Bernardino-Ontario, CA MSA",92358,0
metro-zcta,2026,CA,California,"Riverside-San Bernardino-Ontario, CA MSA",92373,0
metro-zcta,2026,CA,California,"Riverside-San Bernardino-Ontario, CA MSA",92374,0
metro-zcta,2026,CA,California,"Riverside-San Bernardino-Ontario, CA MSA",92376,0
metro-zcta,2026,CA,California,"Riverside-San Bernardino-Ontario, CA MSA",92377,0
metro-zcta,2026,CA,California,"Riverside-San Bernardino-Ontario, CA MSA",92382,0
metro-zcta,2026,CA,California,"Riverside-San Bernardino-Ontario, CA MSA",92386,0
metro-zcta,2026,CA,California,"Riverside-San Bernardino-Ontario, CA MSA",92392,0
metro-zcta,2026,CA,California,"Riverside-San Bernardino-Ontario, CA MSA",92394,0
metro-zcta,2026,CA,California,"Riverside-San Bernardino-Ontario, CA MSA",92399,0
metro-zcta,2026,CA,California,"Riverside-San Bernardino-Ontario, CA MSA",92407,0
metro-zcta,2026,CA,California,"Riverside-San Bernardino-Ontario, CA MSA",92501,0
metro-zcta,2026,CA,California,"Riverside-San Bernardino-Ontario, CA MSA",92503,0
metro-zcta,2026,CA,California,"Riverside-San Bernardino-Ontario, CA MSA",92504,0
metro-zcta,2026,CA,California,"Riverside-San Bernardino-Ontario, CA MSA",92505,0
metro-zcta,2026,CA,California,"Riverside-San Bernardino-Ontario, CA MSA",92506,0
metro-zcta,2026,CA,California,"Riverside-San Bernardino-Ontario, CA MSA",92507,0
metro-zcta,2026,CA,California,"Riverside-San Bernardino-Ontario, CA MSA",92508,0
metro-zcta,2026,CA,California,"Riverside-San Bernardino-Ontario, CA MSA",92509,0
metro-zcta,2026,CA,California,"Riverside-San Bernardino-Ontario, CA MSA",92518,0
metro-zcta,2026,CA,California,"Riverside-San Bernardino-Ontario, CA MSA",92530,1
metro-zcta,2026,CA,California,"Riverside-San Bernardino-Ontario, CA MSA",92532,0
metro-zcta,2026,CA,California,"Riverside-San Bernardino-Ontario, CA MSA",92536,0
metro-zcta,2026,CA,California,"Riverside-San Bernardino-Ontario, CA MSA",92545,0
metro-zcta,2026,CA,California,"Riverside-San Bernardino-Ontario, CA MSA",92551,0
metro-zcta,2026,CA,California,"Riverside-San Bernardino-Ontario, CA MSA",92553,0
metro-zcta,2026,CA,California,"Riverside-San Bernardino-Ontario, CA MSA",92555,0
metro-zcta,2026,CA,California,"Riverside-San Bernardino-Ontario, CA MSA",92557,0
metro-zcta,2026,CA,California,"Riverside-San Bernardino-Ontario, CA MSA",92562,1
metro-zcta,2026,CA,California,"Riverside-San Bernardino-Ontario, CA MSA",92563,0
metro-zcta,2026,CA,California,"Riverside-San Bernardino-Ontario, CA MSA",92571,0
metro-zcta,2026,CA,California,"Riverside-San Bernardino-Ontario, CA MSA",92582,0
metro-zcta,2026,CA,California,"Riverside-San Bernardino-Ontario, CA MSA",92584,0
metro-zcta,2026,CA,California,"Riverside-San Bernardino-Ontario, CA MSA",92585,0
metro-zcta,2026,CA,California,"Riverside-San Bernardino-Ontario, CA MSA",92587,0
metro-zcta,2026,CA,California,"Riverside-San Bernardino-Ontario, CA MSA",92591,0
metro-zcta,2026,CA,California,"Riverside-San Bernardino-Ontario, CA MSA",92592,0
metro-zcta,2026,CA,California,"Riverside-San Bernardino-Ontario, CA MSA",92595,0
metro-zcta,2026,CA,California,"Riverside-San Bernardino-Ontario, CA MSA",92596,0
metro-zcta,2026,CA,California,"Riverside-San Bernardino-Ontario, CA MSA",92860,0
metro-zcta,2026,CA,California,"Riverside-San Bernardino-Ontario, CA MSA",92879,0
metro-zcta,2026,CA,California,"Riverside-San Bernardino-Ontario, CA MSA",92880,0
metro-zcta,2026,CA,California,"Riverside-San Bernardino-Ontario, CA MSA",92881,0
metro-zcta,2026,CA,California,"Riverside-San Bernardino-Ontario, CA MSA",92882,0
metro-zcta,2026,CA,California,"Riverside-San Bernardino-Ontario, CA MSA",92883,0
metro-zcta,2026,CA,California,"Sacramento--Roseville--Arden-Arcade, CA HMFA",95614,0
metro-zcta,2026,CA,California,"Sacramento--Roseville--Arden-Arcade, CA HMFA",95624,0
metro-zcta,2026,CA,California,"Sacramento--Roseville--Arden-Arcade, CA HMFA",95630,0
metro-zcta,2026,CA,California,"Sacramento--Roseville--Arden-Arcade, CA HMFA",95633,0
metro-zcta,2026,CA,California,"Sacramento--Roseville--Arden-Arcade, CA HMFA",95634,0
metro-zcta,2026,CA,California,"Sacramento--Roseville--Arden-Arcade, CA HMFA",95635,0
metro-zcta,2026,CA,California,"Sacramento--Roseville--Arden-Arcade, CA HMFA",95639,0
metro-zcta,2026,CA,California,"Sacramento--Roseville--Arden-Arcade, CA HMFA",95648,0
metro-zcta,2026,CA,California,"Sacramento--Roseville--Arden-Arcade, CA HMFA",95655,0
metro-zcta,2026,CA,California,"Sacramento--Roseville--Arden-Arcade, CA HMFA",95661,0
metro-zcta,2026,CA,California,"Sacramento--Roseville--Arden-Arcade, CA HMFA",95662,0
metro-zcta,2026,CA,California,"Sacramento--Roseville--Arden-Arcade, CA HMFA",95668,1
metro-zcta,2026,CA,California,"Sacramento--Roseville--Arden-Arcade, CA HMFA",95671,0
metro-zcta,2026,CA,California,"Sacramento--Roseville--Arden-Arcade, CA HMFA",95672,0
metro-zcta,2026,CA,California,"Sacramento--Roseville--Arden-Arcade, CA HMFA",95677,0
metro-zcta,2026,CA,California,"Sacramento--Roseville--Arden-Arcade, CA HMFA",95678,0
metro-zcta,2026,CA,California,"Sacramento--Roseville--Arden-Arcade, CA HMFA",95683,0
metro-zcta,2026,CA,California,"Sacramento--Roseville--Arden-Arcade, CA HMFA",95693,0
metro-zcta,2026,CA,California,"Sacramento--Roseville--Arden-Arcade, CA HMFA",95701,0
metro-zcta,2026,CA,California,"Sacramento--Roseville--Arden-Arcade, CA HMFA",95722,0
metro-zcta,2026,CA,California,"Sacramento--Roseville--Arden-Arcade, CA HMFA",95728,0
metro-zcta,2026,CA,California,"Sacramento--Roseville--Arden-Arcade, CA HMFA",95742,0
metro-zcta,2026,CA,California,"Sacramento--Roseville--Arden-Arcade, CA HMFA",95746,0
metro-zcta,2026,CA,California,"Sacramento--Roseville--Arden-Arcade, CA HMFA",95747,0
metro-zcta,2026,CA,California,"Sacramento--Roseville--Arden-Arcade, CA HMFA",95757,0
metro-zcta,2026,CA,California,"Sacramento--Roseville--Arden-Arcade, CA HMFA",95762,0
metro-zcta,2026,CA,California,"Sacramento--Roseville--Arden-Arcade, CA HMFA",95765,0
metro-zcta,2026,CA,California,"Sacramento--Roseville--Arden-Arcade, CA HMFA",95816,0
metro-zcta,2026,CA,California,"Sacramento--Roseville--Arden-Arcade, CA HMFA",95819,0
metro-zcta,2026,CA,California,"Sacramento--Roseville--Arden-Arcade, CA HMFA",95829,0
metro-zcta,2026,CA,California,"Sacramento--Roseville--Arden-Arcade, CA HMFA",95830,0
metro-zcta,2026,CA,California,"Sacramento--Roseville--Arden-Arcade, CA HMFA",95831,0
metro-zcta,2026,CA,California,"Sacramento--Roseville--Arden-Arcade, CA HMFA",95832,0
metro-zcta,2026,CA,California,"Sacramento--Roseville--Arden-Arcade, CA HMFA",95835,0
metro-zcta,2026,CA,California,"Sacramento--Roseville--Arden-Arcade, CA HMFA",95843,0
metro-zcta,2026,CA,California,"Sacramento--Roseville--Arden-Arcade, CA HMFA",96146,0
metro-zcta,2026,CA,California,"Sacramento--Roseville--Arden-Arcade, CA HMFA",96161,0
metro-zcta,2026,CA,California,"Salinas, CA MSA",93451,1
metro-zcta,2026,CA,California,"Salinas, CA MSA",93901,0
metro-zcta,2026,CA,California,"Salinas, CA MSA",93906,0
metro-zcta,2026,CA,California,"Salinas, CA MSA",93907,0
metro-zcta,2026,CA,California,"Salinas, CA MSA",93908,0
metro-zcta,2026,CA,California,"Salinas, CA MSA",93921,0
metro-zcta,2026,CA,California,"Salinas, CA MSA",93923,0
metro-zcta,2026,CA,California,"Salinas, CA MSA",93924,0
metro-zcta,2026,CA,California,"Salinas, CA MSA",93933,0
metro-zcta,2026,CA,California,"Salinas, CA MSA",93940,0
metro-zcta,2026,CA,California,"Salinas, CA MSA",93944,0
metro-zcta,2026,CA,California,"Salinas, CA MSA",93950,0
metro-zcta,2026,CA,California,"Salinas, CA MSA",93953,0
metro-zcta,2026,CA,California,"Salinas, CA MSA",93955,0
metro-zcta,2026,CA,California,"Salinas, CA MSA",93962,0
metro-zcta,2026,CA,California,"Salinas, CA MSA",95004,1
metro-zcta,2026,CA,California,"Salinas, CA MSA",95076,1
metro-zcta,2026,CA,California,"San Benito County, CA HMFA",95004,1
metro-zcta,2026,CA,California,"San Benito County, CA HMFA",95045,0
metro-zcta,2026,CA,California,"San Benito County, CA HMFA",95075,0
metro-zcta,2026,CA,California,"San Diego-Chula Vista-Carlsbad, CA MSA",91913,0
metro-zcta,2026,CA,California,"San Diego-Chula Vista-Carlsbad, CA MSA",91914,0
metro-zcta,2026,CA,California,"San Diego-Chula Vista-Carlsbad, CA MSA",91915,0
metro-zcta,2026,CA,California,"San Diego-Chula Vista-Carlsbad, CA MSA",91916,0
metro-zcta,2026,CA,California,"San Diego-Chula Vista-Carlsbad, CA MSA",91931,0
metro-zcta,2026,CA,California,"San Diego-Chula Vista-Carlsbad, CA MSA",91962,0
metro-zcta,2026,CA,California,"San Diego-Chula Vista-Carlsbad, CA MSA",91978,0
metro-zcta,2026,CA,California,"San Diego-Chula Vista-Carlsbad, CA MSA",92007,0
metro-zcta,2026,CA,California,"San Diego-Chula Vista-Carlsbad, CA MSA",92008,0
metro-zcta,2026,CA,California,"San Diego-Chula Vista-Carlsbad, CA MSA",92009,0
metro-zcta,2026,CA,California,"San Diego-Chula Vista-Carlsbad, CA MSA",92010,0
metro-zcta,2026,CA,California,"San Diego-Chula Vista-Carlsbad, CA MSA",92011,0
metro-zcta,2026,CA,California,"San Diego-Chula Vista-Carlsbad, CA MSA",92014,0
metro-zcta,2026,CA,California,"San Diego-Chula Vista-Carlsbad, CA MSA",92024,0
metro-zcta,2026,CA,California,"San Diego-Chula Vista-Carlsbad, CA MSA",92029,0
metro-zcta,2026,CA,California,"San Diego-Chula Vista-Carlsbad, CA MSA",92037,0
metro-zcta,2026,CA,California,"San Diego-Chula Vista-Carlsbad, CA MSA",92056,0
metro-zcta,2026,CA,California,"San Diego-Chula Vista-Carlsbad, CA MSA",92061,0
metro-zcta,2026,CA,California,"San Diego-Chula Vista-Carlsbad, CA MSA",92067,0
metro-zcta,2026,CA,California,"San Diego-Chula Vista-Carlsbad, CA MSA",92075,0
metro-zcta,2026,CA,California,"San Diego-Chula Vista-Carlsbad, CA MSA",92078,0
metro-zcta,2026,CA,California,"San Diego-Chula Vista-Carlsbad, CA MSA",92091,0
metro-zcta,2026,CA,California,"San Diego-Chula Vista-Carlsbad, CA MSA",92101,0
metro-zcta,2026,CA,California,"San Diego-Chula Vista-Carlsbad, CA MSA",92103,0
metro-zcta,2026,CA,California,"San Diego-Chula Vista-Carlsbad, CA MSA",92106,0
metro-zcta,2026,CA,California,"San Diego-Chula Vista-Carlsbad, CA MSA",92107,0
metro-zcta,2026,CA,California,"San Diego-Chula Vista-Carlsbad, CA MSA",92108,0
metro-zcta,2026,CA,California,"San Diego-Chula Vista-Carlsbad, CA MSA",92109,0
metro-zcta,2026,CA,California,"San Diego-Chula Vista-Carlsbad, CA MSA",92110,0
metro-zcta,2026,CA,California,"San Diego-Chula Vista-Carlsbad, CA MSA",92118,0
metro-zcta,2026,CA,California,"San Diego-Chula Vista-Carlsbad, CA MSA",92120,0
metro-zcta,2026,CA,California,"San Diego-Chula Vista-Carlsbad, CA MSA",92121,0
metro-zcta,2026,CA,California,"San Diego-Chula Vista-Carlsbad, CA MSA",92122,0
metro-zcta,2026,CA,California,"San Diego-Chula Vista-Carlsbad, CA MSA",92123,0
metro-zcta,2026,CA,California,"San Diego-Chula Vista-Carlsbad, CA MSA",92124,0
metro-zcta,2026,CA,California,"San Diego-Chula Vista-Carlsbad, CA MSA",92126,0
metro-zcta,2026,CA,California,"San Diego-Chula Vista-Carlsbad, CA MSA",92127,0
metro-zcta,2026,CA,California,"San Diego-Chula Vista-Carlsbad, CA MSA",92128,0
metro-zcta,2026,CA,California,"San Diego-Chula Vista-Carlsbad, CA MSA",92130,0
metro-zcta,2026,CA,California,"San Diego-Chula Vista-Carlsbad, CA MSA",92131,0
metro-zcta,2026,CA,California,"San Diego-Chula Vista-Carlsbad, CA MSA",92134,0
metro-zcta,2026,CA,California,"San Diego-Chula Vista-Carlsbad, CA MSA",92135,0
metro-zcta,2026,CA,California,"San Diego-Chula Vista-Carlsbad, CA MSA",92140,0
metro-zcta,2026,CA,California,"San Diego-Chula Vista-Carlsbad, CA MSA",92145,0
metro-zcta,2026,CA,California,"San Diego-Chula Vista-Carlsbad, CA MSA",92147,0
metro-zcta,2026,CA,California,"San Diego-Chula Vista-Carlsbad, CA MSA",92155,0
metro-zcta,2026,CA,California,"San Francisco, CA HMFA",94002,0
metro-zcta,2026,CA,California,"San Francisco, CA HMFA",94020,0
metro-zcta,2026,CA,California,"San Francisco, CA HMFA",94025,0
metro-zcta,2026,CA,California,"San Francisco, CA HMFA",94027,0
metro-zcta,2026,CA,California,"San Francisco, CA HMFA",94028,1
metro-zcta,2026,CA,California,"San Francisco, CA HMFA",94030,0
metro-zcta,2026,CA,California,"San Francisco, CA HMFA",94065,0
metro-zcta,2026,CA,California,"San Francisco, CA HMFA",94105,0
metro-zcta,2026,CA,California,"San Francisco, CA HMFA",94107,0
metro-zcta,2026,CA,California,"San Francisco, CA HMFA",94111,0
metro-zcta,2026,CA,California,"San Francisco, CA HMFA",94116,0
metro-zcta,2026,CA,California,"San Francisco, CA HMFA",94123,0
metro-zcta,2026,CA,California,"San Francisco, CA HMFA",94158,0
metro-zcta,2026,CA,California,"San Francisco, CA HMFA",94402,0
metro-zcta,2026,CA,California,"San Francisco, CA HMFA",94403,0
metro-zcta,2026,CA,California,"San Francisco, CA HMFA",94404,0
metro-zcta,2026,CA,California,"San Francisco, CA HMFA",94903,0
metro-zcta,2026,CA,California,"San Francisco, CA HMFA",94920,0
metro-zcta,2026,CA,California,"San Francisco, CA HMFA",94925,0
metro-zcta,2026,CA,California,"San Francisco, CA HMFA",94933,0
metro-zcta,2026,CA,California,"San Francisco, CA HMFA",94939,0
metro-zcta,2026,CA,California,"San Francisco, CA HMFA",94941,0
metro-zcta,2026,CA,California,"San Francisco, CA HMFA",94957,0
metro-zcta,2026,CA,California,"San Jose-Sunnyvale-Santa Clara, CA HMFA",94022,0
metro-zcta,2026,CA,California,"San Jose-Sunnyvale-Santa Clara, CA HMFA",94024,0
metro-zcta,2026,CA,California,"San Jose-Sunnyvale-Santa Clara, CA HMFA",94040,0
metro-zcta,2026,CA,California,"San Jose-Sunnyvale-Santa Clara, CA HMFA",94043,0
metro-zcta,2026,CA,California,"San Jose-Sunnyvale-Santa Clara, CA HMFA",94085,0
metro-zcta,2026,CA,California,"San Jose-Sunnyvale-Santa Clara, CA HMFA",94086,0
metro-zcta,2026,CA,California,"San Jose-Sunnyvale-Santa Clara, CA HMFA",94087,0
metro-zcta,2026,CA,California,"San Jose-Sunnyvale-Santa Clara, CA HMFA",94089,0
metro-zcta,2026,CA,California,"San Jose-Sunnyvale-Santa Clara, CA HMFA",94301,0
metro-zcta,2026,CA,California,"San Jose-Sunnyvale-Santa Clara, CA HMFA",94304,0
metro-zcta,2026,CA,California,"San Jose-Sunnyvale-Santa Clara, CA HMFA",94306,0
metro-zcta,2026,CA,California,"San Jose-Sunnyvale-Santa Clara, CA HMFA",95014,0
metro-zcta,2026,CA,California,"San Jose-Sunnyvale-Santa Clara, CA HMFA",95032,0
metro-zcta,2026,CA,California,"San Jose-Sunnyvale-Santa Clara, CA HMFA",95033,1
metro-zcta,2026,CA,California,"San Jose-Sunnyvale-Santa Clara, CA HMFA",95051,0
metro-zcta,2026,CA,California,"San Jose-Sunnyvale-Santa Clara, CA HMFA",95054,0
metro-zcta,2026,CA,California,"San Jose-Sunnyvale-Santa Clara, CA HMFA",95070,0
metro-zcta,2026,CA,California,"San Jose-Sunnyvale-Santa Clara, CA HMFA",95113,0
metro-zcta,2026,CA,California,"San Jose-Sunnyvale-Santa Clara, CA HMFA",95131,0
metro-zcta,2026,CA,California,"San Jose-Sunnyvale-Santa Clara, CA HMFA",95132,0
metro-zcta,2026,CA,California,"San Jose-Sunnyvale-Santa Clara, CA HMFA",95134,0
metro-zcta,2026,CA,California,"San Jose-Sunnyvale-Santa Clara, CA HMFA",95135,0
metro-zcta,2026,CA,California,"San Jose-Sunnyvale-Santa Clara, CA HMFA",95139,0
metro-zcta,2026,CA,California,"San Jose-Sunnyvale-Santa Clara, CA HMFA",95148,0
metro-zcta,2026,CA,California,"San Luis Obispo-Paso Robles, CA MSA",93401,0
metro-zcta,2026,CA,California,"San Luis Obispo-Paso Robles, CA MSA",93405,0
metro-zcta,2026,CA,California,"San Luis Obispo-Paso Robles, CA MSA",93407,0
metro-zcta,2026,CA,California,"San Luis Obispo-Paso Robles, CA MSA",93409,0
metro-zcta,2026,CA,California,"San Luis Obispo-Paso Robles, CA MSA",93410,0
metro-zcta,2026,CA,California,"San Luis Obispo-Paso Robles, CA MSA",93420,0
metro-zcta,2026,CA,California,"San Luis Obispo-Paso Robles, CA MSA",93424,0
metro-zcta,2026,CA,California,"San Luis Obispo-Paso Robles, CA MSA",93449,0
metro-zcta,2026,CA,California,"San Luis Obispo-Paso Robles, CA MSA",93451,1
metro-zcta,2026,CA,California,"San Luis Obispo-Paso Robles, CA MSA",93465,0
metro-zcta,2026,CA,California,"Santa Ana-Anaheim-Irvine, CA HMFA",92602,0
metro-zcta,2026,CA,California,"Santa Ana-Anaheim-Irvine, CA HMFA",92603,0
metro-zcta,2026,CA,California,"Santa Ana-Anaheim-Irvine, CA HMFA",92604,0
metro-zcta,2026,CA,California,"Santa Ana-Anaheim-Irvine, CA HMFA",92606,0
metro-zcta,2026,CA,California,"Santa Ana-Anaheim-Irvine, CA HMFA",92610,0
metro-zcta,2026,CA,California,"Santa Ana-Anaheim-Irvine, CA HMFA",92612,0
metro-zcta,2026,CA,California,"Santa Ana-Anaheim-Irvine, CA HMFA",92614,0
metro-zcta,2026,CA,California,"Santa Ana-Anaheim-Irvine, CA HMFA",92618,0
metro-zcta,2026,CA,California,"Santa Ana-Anaheim-Irvine, CA HMFA",92620,0
metro-zcta,2026,CA,California,"Santa Ana-Anaheim-Irvine, CA HMFA",92624,0
metro-zcta,2026,CA,California,"Santa Ana-Anaheim-Irvine, CA HMFA",92625,0
metro-zcta,2026,CA,California,"Santa Ana-Anaheim-Irvine, CA HMFA",92626,0
metro-zcta,2026,CA,California,"Santa Ana-Anaheim-Irvine, CA HMFA",92629,0
metro-zcta,2026,CA,California,"Santa Ana-Anaheim-Irvine, CA HMFA",92651,0
metro-zcta,2026,CA,California,"Santa Ana-Anaheim-Irvine, CA HMFA",92653,0
metro-zcta,2026,CA,California,"Santa Ana-Anaheim-Irvine, CA HMFA",92656,0
metro-zcta,2026,CA,California,"Santa Ana-Anaheim-Irvine, CA HMFA",92657,0
metro-zcta,2026,CA,California,"Santa Ana-Anaheim-Irvine, CA HMFA",92660,0
metro-zcta,2026,CA,California,"Santa Ana-Anaheim-Irvine, CA HMFA",92661,0
metro-zcta,2026,CA,California,"Santa Ana-Anaheim-Irvine, CA HMFA",92673,0
metro-zcta,2026,CA,California,"Santa Ana-Anaheim-Irvine, CA HMFA",92677,0
metro-zcta,2026,CA,California,"Santa Ana-Anaheim-Irvine, CA HMFA",92678,0
metro-zcta,2026,CA,California,"Santa Ana-Anaheim-Irvine, CA HMFA",92679,0
metro-zcta,2026,CA,California,"Santa Ana-Anaheim-Irvine, CA HMFA",92688,0
metro-zcta,2026,CA,California,"Santa Ana-Anaheim-Irvine, CA HMFA",92691,0
metro-zcta,2026,CA,California,"Santa Ana-Anaheim-Irvine, CA HMFA",92692,0
metro-zcta,2026,CA,California,"Santa Ana-Anaheim-Irvine, CA HMFA",92694,0
metro-zcta,2026,CA,California,"Santa Ana-Anaheim-Irvine, CA HMFA",92782,0
metro-zcta,2026,CA,California,"Santa Ana-Anaheim-Irvine, CA HMFA",92807,0
metro-zcta,2026,CA,California,"Santa Ana-Anaheim-Irvine, CA HMFA",92808,0
metro-zcta,2026,CA,California,"Santa Ana-Anaheim-Irvine, CA HMFA",92823,0
metro-zcta,2026,CA,California,"Santa Ana-Anaheim-Irvine, CA HMFA",92845,0
metro-zcta,2026,CA,California,"Santa Ana-Anaheim-Irvine, CA HMFA",92886,0
metro-zcta,2026,CA,California,"Santa Cruz-Watsonville, CA MSA",95003,0
metro-zcta,2026,CA,California,"Santa Cruz-Watsonville, CA MSA",95005,0
metro-zcta,2026,CA,California,"Santa Cruz-Watsonville, CA MSA",95006,0
metro-zcta,2026,CA,California,"Santa Cruz-Watsonville, CA MSA",95007,0
metro-zcta,2026,CA,California,"Santa Cruz-Watsonville, CA MSA",95010,0
metro-zcta,2026,CA,California,"Santa Cruz-Watsonville, CA MSA",95017,0
metro-zcta,2026,CA,California,"Santa Cruz-Watsonville, CA MSA",95018,0
metro-zcta,2026,CA,California,"Santa Cruz-Watsonville, CA MSA",95033,1
metro-zcta,2026,CA,California,"Santa Cruz-Watsonville, CA MSA",95041,0
metro-zcta,2026,CA,California,"Santa Cruz-Watsonville, CA MSA",95060,0
metro-zcta,2026,CA,California,"Santa Cruz-Watsonville, CA MSA",95062,0
metro-zcta,2026,CA,California,"Santa Cruz-Watsonville, CA MSA",95065,0
metro-zcta,2026,CA,California,"Santa Cruz-Watsonville, CA MSA",95066,0
metro-zcta,2026,CA,California,"Santa Cruz-Watsonville, CA MSA",95073,0
metro-zcta,2026,CA,California,"Santa Maria-Santa Barbara, CA MSA",93013,1
metro-zcta,2026,CA,California,"Santa Maria-Santa Barbara, CA MSA",93067,0
metro-zcta,2026,CA,California,"Santa Maria-Santa Barbara, CA MSA",93101,0
metro-zcta,2026,CA,California,"Santa Maria-Santa Barbara, CA MSA",93103,0
metro-zcta,2026,CA,California,"Santa Maria-Santa Barbara, CA MSA",93105,0
metro-zcta,2026,CA,California,"Santa Maria-Santa Barbara, CA MSA",93106,0
metro-zcta,2026,CA,California,"Santa Maria-Santa Barbara, CA MSA",93108,0
metro-zcta,2026,CA,California,"Santa Maria-Santa Barbara, CA MSA",93109,0
metro-zcta,2026,CA,California,"Santa Maria-Santa Barbara, CA MSA",93110,0
metro-zcta,2026,CA,California,"Santa Maria-Santa Barbara, CA MSA",93111,0
metro-zcta,2026,CA,California,"Santa Maria-Santa Barbara, CA MSA",93117,0
metro-zcta,2026,CA,California,"Santa Maria-Santa Barbara, CA MSA",93429,0
metro-zcta,2026,CA,California,"Santa Maria-Santa Barbara, CA MSA",93437,0
metro-zcta,2026,CA,California,"Santa Maria-Santa Barbara, CA MSA",93441,0
metro-zcta,2026,CA,California,"Santa Maria-Santa Barbara, CA MSA",93455,0
metro-zcta,2026,CA,California,"Santa Maria-Santa Barbara, CA MSA",93460,0
metro-zcta,2026,CA,California,"Santa Rosa-Petaluma, CA MSA",94928,0
metro-zcta,2026,CA,California,"Santa Rosa-Petaluma, CA MSA",94954,0
metro-zcta,2026,CA,California,"Santa Rosa-Petaluma, CA MSA",95405,0
metro-zcta,2026,CA,California,"Santa Rosa-Petaluma, CA MSA",95409,0
metro-zcta,2026,CA,California,"Santa Rosa-Petaluma, CA MSA",95439,0
metro-zcta,2026,CA,California,"Santa Rosa-Petaluma, CA MSA",95492,0
metro-zcta,2026,CA,California,"Stockton-Lodi, CA MSA",95209,0
metro-zcta,2026,CA,California,"Stockton-Lodi, CA MSA",95212,0
metro-zcta,2026,CA,California,"Stockton-Lodi, CA MSA",95219,1
metro-zcta,2026,CA,California,"Stockton-Lodi, CA MSA",95230,1
metro-zcta,2026,CA,California,"Stockton-Lodi, CA MSA",95236,0
metro-zcta,2026,CA,California,"Stockton-Lodi, CA MSA",95242,0
metro-zcta,2026,CA,California,"Stockton-Lodi, CA MSA",95304,1
metro-zcta,2026,CA,California,"Stockton-Lodi, CA MSA",95330,0
metro-zcta,2026,CA,California,"Stockton-Lodi, CA MSA",95337,0
metro-zcta,2026,CA,California,"Stockton-Lodi, CA MSA",95376,0
metro-zcta,2026,CA,California,"Stockton-Lodi, CA MSA",95377,1
metro-zcta,2026,CA,California,"Stockton-Lodi, CA MSA",95391,1
metro-zcta,2026,CA,California,"Stockton-Lodi, CA MSA",95632,1
metro-zcta,2026,CA,California,"Vallejo, CA MSA",94510,0
metro-zcta,2026,CA,California,"Vallejo, CA MSA",94534,0
metro-zcta,2026,CA,California,"Vallejo, CA MSA",94535,0
metro-zcta,2026,CA,California,"Vallejo, CA MSA",94585,0
metro-zcta,2026,CA,California,"Vallejo, CA MSA",94592,0
metro-zcta,2026,CA,California,"Vallejo, CA MSA",95618,1
metro-zcta,2026,CA,California,"Vallejo, CA MSA",95687,0
metro-zcta,2026,CA,California,"Visalia, CA MSA",93237,0
metro-zcta,2026,CA,California,"Visalia, CA MSA",93271,0
metro-zcta,2026,CA,California,"Visalia, CA MSA",93292,0
metro-zcta,2026,CA,California,"Yolo, CA HMFA",95612,1
metro-zcta,2026,CA,California,"Yolo, CA HMFA",95616,0
metro-zcta,2026,CA,California,"Yolo, CA HMFA",95618,1
metro-zcta,2026,CA,California,"Yuba City, CA MSA",95626,1
metro-zcta,2026,CA,California,"Yuba City, CA MSA",95668,1
metro-zcta,2026,CA,California,"Yuba City, CA MSA",95903,0
metro-zcta,2026,CA,California,"Yuba City, CA MSA",95977,0
metro-zcta,2026,CO,Colorado,"Boulder, CO MSA",80516,1
metro-zcta,2026,CO,Colorado,"Colorado Springs, CO HMFA",80132,0
metro-zcta,2026,CO,Colorado,"Colorado Springs, CO HMFA",80831,1
metro-zcta,2026,CO,Colorado,"Colorado Springs, CO HMFA",80840,0
metro-zcta,2026,CO,Colorado,"Colorado Springs, CO HMFA",80902,0
metro-zcta,2026,CO,Colorado,"Colorado Springs, CO HMFA",80913,0
metro-zcta,2026,CO,Colorado,"Colorado Springs, CO HMFA",80920,0
metro-zcta,2026,CO,Colorado,"Colorado Springs, CO HMFA",80921,0
metro-zcta,2026,CO,Colorado,"Colorado Springs, CO HMFA",80922,0
metro-zcta,2026,CO,Colorado,"Colorado Springs, CO HMFA",80923,0
metro-zcta,2026,CO,Colorado,"Colorado Springs, CO HMFA",80924,0
metro-zcta,2026,CO,Colorado,"Colorado Springs, CO HMFA",80925,0
metro-zcta,2026,CO,Colorado,"Colorado Springs, CO HMFA",80927,0
metro-zcta,2026,CO,Colorado,"Colorado Springs, CO HMFA",80929,0
metro-zcta,2026,CO,Colorado,"Colorado Springs, CO HMFA",80930,0
metro-zcta,2026,CO,Colorado,"Colorado Springs, CO HMFA",80938,0
metro-zcta,2026,CO,Colorado,"Colorado Springs, CO HMFA",80951,0
metro-zcta,2026,CO,Colorado,"Denver-Aurora-Centennial, CO MSA",80007,0
metro-zcta,2026,CO,Colorado,"Denver-Aurora-Centennial, CO MSA",80018,0
metro-zcta,2026,CO,Colorado,"Denver-Aurora-Centennial, CO MSA",80125,0
metro-zcta,2026,CO,Colorado,"Denver-Aurora-Centennial, CO MSA",80126,0
metro-zcta,2026,CO,Colorado,"Denver-Aurora-Centennial, CO MSA",80129,0
metro-zcta,2026,CO,Colorado,"Denver-Aurora-Centennial, CO MSA",80130,0
metro-zcta,2026,CO,Colorado,"Denver-Aurora-Centennial, CO MSA",80202,0
metro-zcta,2026,CO,Colorado,"Denver-Aurora-Centennial, CO MSA",80249,0
metro-zcta,2026,CO,Colorado,"Denver-Aurora-Centennial, CO MSA",80290,0
metro-zcta,2026,CO,Colorado,"Denver-Aurora-Centennial, CO MSA",80465,0
metro-zcta,2026,CO,Colorado,"Denver-Aurora-Centennial, CO MSA",80516,1
metro-zcta,2026,CO,Colorado,"Denver-Aurora-Centennial, CO MSA",80602,0
metro-zcta,2026,CO,Colorado,"Fort Collins-Loveland, CO MSA",80549,1
metro-zcta,2026,CO,Colorado,"Greeley, CO MSA",80516,1
metro-zcta,2026,CO,Colorado,"Greeley, CO MSA",80530,0
metro-zcta,2026,CO,Colorado,"Greeley, CO MSA",80549,1
metro-zcta,2026,CO,Colorado,"Pueblo, CO MSA",80817,1
metro-zcta,2026,CT,Connecticut,"Bridgeport-Stamford-Danbury, CT MSA",06896,0
metro-zcta,2026,CT,Connecticut,"Bridgewater town, CT Exception Area",06752,0
metro-zcta,2026,CT,Connecticut,"Darien town, CT Exception Area",06820,0
metro-zcta,2026,CT,Connecticut,"Easton town, CT Exception Area",06612,0
metro-zcta,2026,CT,Connecticut,"Fairfield town, CT Exception Area",06824,0
metro-zcta,2026,CT,Connecticut,"Fairfield town, CT Exception Area",06825,0
metro-zcta,2026,CT,Connecticut,"Fairfield town, CT Exception Area",06890,0
metro-zcta,2026,CT,Connecticut,"Hartford-West Hartford-East Hartford, CT MSA",06070,0
metro-zcta,2026,CT,Connecticut,"Hartford-West Hartford-East Hartford, CT MSA",06089,0
metro-zcta,2026,CT,Connecticut,"Milford town, CT Exception Area",06461,0
metro-zcta,2026,CT,Connecticut,"New Canaan town, CT Exception Area",06840,1
metro-zcta,2026,CT,Connecticut,"New Haven, CT MSA",06437,0
metro-zcta,2026,CT,Connecticut,"New Haven, CT MSA",06443,0
metro-zcta,2026,CT,Connecticut,"New Haven, CT MSA",06471,0
metro-zcta,2026,CT,Connecticut,"New Haven, CT MSA",06477,0
metro-zcta,2026,CT,Connecticut,"New Haven, CT MSA",06510,0
metro-zcta,2026,CT,Connecticut,"New Haven, CT MSA",06518,0
metro-zcta,2026,CT,Connecticut,"New Haven, CT MSA",06524,0
metro-zcta,2026,CT,Connecticut,"New Haven, CT MSA",06525,0
metro-zcta,2026,CT,Connecticut,"Norwich-New London-Willimantic, CT MSA",06335,0
metro-zcta,2026,CT,Connecticut,"Trumbull town, CT Exception Area",06611,1
metro-zcta,2026,CT,Connecticut,"Waterbury-Shelton, CT MSA",06484,0
metro-zcta,2026,CT,Connecticut,"Waterbury-Shelton, CT MSA",06488,1
metro-zcta,2026,CT,Connecticut,"Waterbury-Shelton, CT MSA",06716,0
metro-zcta,2026,DE,Delaware,"Dover, DE MSA",19938,1
metro-zcta,2026,DE,Delaware,"Dover, DE MSA",19955,0
metro-zcta,2026,DE,Delaware,"Philadelphia-Camden-Wilmington, PA-NJ-DE-MD MSA",19701,0
metro-zcta,2026,DC,District of Columbia,"Washington-Arlington-Alexandria, DC-VA-MD HMFA",20001,0
metro-zcta,2026,DC,District of Columbia,"Washington-Arlington-Alexandria, DC-VA-MD HMFA",20003,0
metro-zcta,2026,DC,District of Columbia,"Washington-Arlington-Alexandria, DC-VA-MD HMFA",20004,0
metro-zcta,2026,DC,District of Columbia,"Washington-Arlington-Alexandria, DC-VA-MD HMFA",20008,0
metro-zcta,2026,DC,District of Columbia,"Washington-Arlington-Alexandria, DC-VA-MD HMFA",20009,0
metro-zcta,2026,DC,District of Columbia,"Washington-Arlington-Alexandria, DC-VA-MD HMFA",20059,0
metro-zcta,2026,DC,District of Columbia,"Washington-Arlington-Alexandria, DC-VA-MD HMFA",20390,0
metro-zcta,2026,FL,Florida,"Cape Coral-Fort Myers, FL MSA",33908,0
metro-zcta,2026,FL,Florida,"Cape Coral-Fort Myers, FL MSA",33909,0
metro-zcta,2026,FL,Florida,"Cape Coral-Fort Myers, FL MSA",33912,0
metro-zcta,2026,FL,Florida,"Cape Coral-Fort Myers, FL MSA",33913,0
metro-zcta,2026,FL,Florida,"Cape Coral-Fort Myers, FL MSA",33914,0
metro-zcta,2026,FL,Florida,"Cape Coral-Fort Myers, FL MSA",33924,0
metro-zcta,2026,FL,Florida,"Cape Coral-Fort Myers, FL MSA",33928,0
metro-zcta,2026,FL,Florida,"Cape Coral-Fort Myers, FL MSA",33956,0
metro-zcta,2026,FL,Florida,"Cape Coral-Fort Myers, FL MSA",33957,0
metro-zcta,2026,FL,Florida,"Cape Coral-Fort Myers, FL MSA",33965,0
metro-zcta,2026,FL,Florida,"Cape Coral-Fort Myers, FL MSA",33966,0
metro-zcta,2026,FL,Florida,"Cape Coral-Fort Myers, FL MSA",33967,0
metro-zcta,2026,FL,Florida,"Cape Coral-Fort Myers, FL MSA",33971,0
metro-zcta,2026,FL,Florida,"Cape Coral-Fort Myers, FL MSA",33974,0
metro-zcta,2026,FL,Florida,"Cape Coral-Fort Myers, FL MSA",33976,0
metro-zcta,2026,FL,Florida,"Cape Coral-Fort Myers, FL MSA",33990,0
metro-zcta,2026,FL,Florida,"Cape Coral-Fort Myers, FL MSA",33991,0
metro-zcta,2026,FL,Florida,"Cape Coral-Fort Myers, FL MSA",33993,0
metro-zcta,2026,FL,Florida,"Cape Coral-Fort Myers, FL MSA",34110,1
metro-zcta,2026,FL,Florida,"Cape Coral-Fort Myers, FL MSA",34119,1
metro-zcta,2026,FL,Florida,"Cape Coral-Fort Myers, FL MSA",34134,1
metro-zcta,2026,FL,Florida,"Cape Coral-Fort Myers, FL MSA",34135,0
metro-zcta,2026,FL,Florida,"Crestview-Fort Walton Beach-Destin, FL HMFA",32541,0
metro-zcta,2026,FL,Florida,"Crestview-Fort Walton Beach-Destin, FL HMFA",32542,0
metro-zcta,2026,FL,Florida,"Crestview-Fort Walton Beach-Destin, FL HMFA",32544,0
metro-zcta,2026,FL,Florida,"Deltona-Daytona Beach-Ormond Beach, FL HMFA",32119,0
metro-zcta,2026,FL,Florida,"Deltona-Daytona Beach-Ormond Beach, FL HMFA",32124,0
metro-zcta,2026,FL,Florida,"Deltona-Daytona Beach-Ormond Beach, FL HMFA",32127,0
metro-zcta,2026,FL,Florida,"Deltona-Daytona Beach-Ormond Beach, FL HMFA",32128,0
metro-zcta,2026,FL,Florida,"Deltona-Daytona Beach-Ormond Beach, FL HMFA",32129,0
metro-zcta,2026,FL,Florida,"Deltona-Daytona Beach-Ormond Beach, FL HMFA",32130,0
metro-zcta,2026,FL,Florida,"Deltona-Daytona Beach-Ormond Beach, FL HMFA",32141,0
metro-zcta,2026,FL,Florida,"Deltona-Daytona Beach-Ormond Beach, FL HMFA",32168,0
metro-zcta,2026,FL,Florida,"Deltona-Daytona Beach-Ormond Beach, FL HMFA",32169,0
metro-zcta,2026,FL,Florida,"Deltona-Daytona Beach-Ormond Beach, FL HMFA",32176,0
metro-zcta,2026,FL,Florida,"Deltona-Daytona Beach-Ormond Beach, FL HMFA",32713,0
metro-zcta,2026,FL,Florida,"Deltona-Daytona Beach-Ormond Beach, FL HMFA",32725,0
metro-zcta,2026,FL,Florida,"Deltona-Daytona Beach-Ormond Beach, FL HMFA",32738,0
metro-zcta,2026,FL,Florida,"Deltona-Daytona Beach-Ormond Beach, FL HMFA",32763,0
metro-zcta,2026,FL,Florida,"Deltona-Daytona Beach-Ormond Beach, FL HMFA",32764,0
metro-zcta,2026,FL,Florida,"Fort Lauderdale, FL HMFA",33004,0
metro-zcta,2026,FL,Florida,"Fort Lauderdale, FL HMFA",33009,0
metro-zcta,2026,FL,Florida,"Fort Lauderdale, FL HMFA",33019,0
metro-zcta,2026,FL,Florida,"Fort Lauderdale, FL HMFA",33020,0
metro-zcta,2026,FL,Florida,"Fort Lauderdale, FL HMFA",33021,0
metro-zcta,2026,FL,Florida,"Fort Lauderdale, FL HMFA",33024,0
metro-zcta,2026,FL,Florida,"Fort Lauderdale, FL HMFA",33025,0
metro-zcta,2026,FL,Florida,"Fort Lauderdale, FL HMFA",33026,0
metro-zcta,2026,FL,Florida,"Fort Lauderdale, FL HMFA",33027,0
metro-zcta,2026,FL,Florida,"Fort Lauderdale, FL HMFA",33028,0
metro-zcta,2026,FL,Florida,"Fort Lauderdale, FL HMFA",33029,0
metro-zcta,2026,FL,Florida,"Fort Lauderdale, FL HMFA",33062,0
metro-zcta,2026,FL,Florida,"Fort Lauderdale, FL HMFA",33063,0
metro-zcta,2026,FL,Florida,"Fort Lauderdale, FL HMFA",33064,0
metro-zcta,2026,FL,Florida,"Fort Lauderdale, FL HMFA",33065,0
metro-zcta,2026,FL,Florida,"Fort Lauderdale, FL HMFA",33066,0
metro-zcta,2026,FL,Florida,"Fort Lauderdale, FL HMFA",33067,0
metro-zcta,2026,FL,Florida,"Fort Lauderdale, FL HMFA",33068,0
metro-zcta,2026,FL,Florida,"Fort Lauderdale, FL HMFA",33069,0
metro-zcta,2026,FL,Florida,"Fort Lauderdale, FL HMFA",33071,0
metro-zcta,2026,FL,Florida,"Fort Lauderdale, FL HMFA",33073,0
metro-zcta,2026,FL,Florida,"Fort Lauderdale, FL HMFA",33076,0
metro-zcta,2026,FL,Florida,"Fort Lauderdale, FL HMFA",33301,0
metro-zcta,2026,FL,Florida,"Fort Lauderdale, FL HMFA",33304,0
metro-zcta,2026,FL,Florida,"Fort Lauderdale, FL HMFA",33305,0
metro-zcta,2026,FL,Florida,"Fort Lauderdale, FL HMFA",33308,0
metro-zcta,2026,FL,Florida,"Fort Lauderdale, FL HMFA",33309,0
metro-zcta,2026,FL,Florida,"Fort Lauderdale, FL HMFA",33312,0
metro-zcta,2026,FL,Florida,"Fort Lauderdale, FL HMFA",33313,0
metro-zcta,2026,FL,Florida,"Fort Lauderdale, FL HMFA",33314,0
metro-zcta,2026,FL,Florida,"Fort Lauderdale, FL HMFA",33315,0
metro-zcta,2026,FL,Florida,"Fort Lauderdale, FL HMFA",33316,0
metro-zcta,2026,FL,Florida,"Fort Lauderdale, FL HMFA",33317,0
metro-zcta,2026,FL,Florida,"Fort Lauderdale, FL HMFA",33319,0
metro-zcta,2026,FL,Florida,"Fort Lauderdale, FL HMFA",33321,0
metro-zcta,2026,FL,Florida,"Fort Lauderdale, FL HMFA",33322,0
metro-zcta,2026,FL,Florida,"Fort Lauderdale, FL HMFA",33323,0
metro-zcta,2026,FL,Florida,"Fort Lauderdale, FL HMFA",33324,0
metro-zcta,2026,FL,Florida,"Fort Lauderdale, FL HMFA",33325,0
metro-zcta,2026,FL,Florida,"Fort Lauderdale, FL HMFA",33326,0
metro-zcta,2026,FL,Florida,"Fort Lauderdale, FL HMFA",33327,0
metro-zcta,2026,FL,Florida,"Fort Lauderdale, FL HMFA",33328,0
metro-zcta,2026,FL,Florida,"Fort Lauderdale, FL HMFA",33330,0
metro-zcta,2026,FL,Florida,"Fort Lauderdale, FL HMFA",33331,0
metro-zcta,2026,FL,Florida,"Fort Lauderdale, FL HMFA",33332,0
metro-zcta,2026,FL,Florida,"Fort Lauderdale, FL HMFA",33334,0
metro-zcta,2026,FL,Florida,"Fort Lauderdale, FL HMFA",33351,0
metro-zcta,2026,FL,Florida,"Fort Lauderdale, FL HMFA",33441,0
metro-zcta,2026,FL,Florida,"Fort Lauderdale, FL HMFA",33442,0
metro-zcta,2026,FL,Florida,"Gainesville, FL HMFA",32606,0
metro-zcta,2026,FL,Florida,"Homosassa Springs, FL MSA",34433,0
metro-zcta,2026,FL,Florida,"Homosassa Springs, FL MSA",34434,0
metro-zcta,2026,FL,Florida,"Jacksonville, FL HMFA",32003,0
metro-zcta,2026,FL,Florida,"Jacksonville, FL HMFA",32033,0
metro-zcta,2026,FL,Florida,"Jacksonville, FL HMFA",32065,0
metro-zcta,2026,FL,Florida,"Jacksonville, FL HMFA",32079,0
metro-zcta,2026,FL,Florida,"Jacksonville, FL HMFA",32080,1
metro-zcta,2026,FL,Florida,"Jacksonville, FL HMFA",32081,0
metro-zcta,2026,FL,Florida,"Jacksonville, FL HMFA",32082,0
metro-zcta,2026,FL,Florida,"Jacksonville, FL HMFA",32092,0
metro-zcta,2026,FL,Florida,"Jacksonville, FL HMFA",32097,0
metro-zcta,2026,FL,Florida,"Jacksonville, FL HMFA",32212,0
metro-zcta,2026,FL,Florida,"Jacksonville, FL HMFA",32221,0
metro-zcta,2026,FL,Florida,"Jacksonville, FL HMFA",32222,0
metro-zcta,2026,FL,Florida,"Jacksonville, FL HMFA",32223,0
metro-zcta,2026,FL,Florida,"Jacksonville, FL HMFA",32224,0
metro-zcta,2026,FL,Florida,"Jacksonville, FL HMFA",32225,0
metro-zcta,2026,FL,Florida,"Jacksonville, FL HMFA",32226,0
metro-zcta,2026,FL,Florida,"Jacksonville, FL HMFA",32227,0
metro-zcta,2026,FL,Florida,"Jacksonville, FL HMFA",32228,0
metro-zcta,2026,FL,Florida,"Jacksonville, FL HMFA",32246,0
metro-zcta,2026,FL,Florida,"Jacksonville, FL HMFA",32250,0
metro-zcta,2026,FL,Florida,"Jacksonville, FL HMFA",32256,0
metro-zcta,2026,FL,Florida,"Jacksonville, FL HMFA",32258,0
metro-zcta,2026,FL,Florida,"Jacksonville, FL HMFA",32259,0
metro-zcta,2026,FL,Florida,"Jacksonville, FL HMFA",32266,0
metro-zcta,2026,FL,Florida,"Lakeland-Winter Haven, FL MSA",33547,1
metro-zcta,2026,FL,Florida,"Lakeland-Winter Haven, FL MSA",33812,0
metro-zcta,2026,FL,Florida,"Lakeland-Winter Haven, FL MSA",33813,0
metro-zcta,2026,FL,Florida,"Lakeland-Winter Haven, FL MSA",33827,0
metro-zcta,2026,FL,Florida,"Lakeland-Winter Haven, FL MSA",33837,0
metro-zcta,2026,FL,Florida,"Lakeland-Winter Haven, FL MSA",33896,1
metro-zcta,2026,FL,Florida,"Lakeland-Winter Haven, FL MSA",33897,1
metro-zcta,2026,FL,Florida,"Lakeland-Winter Haven, FL MSA",34714,1
metro-zcta,2026,FL,Florida,"Lakeland-Winter Haven, FL MSA",34759,1
metro-zcta,2026,FL,Florida,"Levy County, FL HMFA",32669,1
metro-zcta,2026,FL,Florida,"Miami-Miami Beach-Kendall, FL HMFA",33014,0
metro-zcta,2026,FL,Florida,"Miami-Miami Beach-Kendall, FL HMFA",33015,0
metro-zcta,2026,FL,Florida,"Miami-Miami Beach-Kendall, FL HMFA",33016,0
metro-zcta,2026,FL,Florida,"Miami-Miami Beach-Kendall, FL HMFA",33018,0
metro-zcta,2026,FL,Florida,"Miami-Miami Beach-Kendall, FL HMFA",33035,0
metro-zcta,2026,FL,Florida,"Miami-Miami Beach-Kendall, FL HMFA",33109,0
metro-zcta,2026,FL,Florida,"Miami-Miami Beach-Kendall, FL HMFA",33122,0
metro-zcta,2026,FL,Florida,"Miami-Miami Beach-Kendall, FL HMFA",33126,0
metro-zcta,2026,FL,Florida,"Miami-Miami Beach-Kendall, FL HMFA",33129,0
metro-zcta,2026,FL,Florida,"Miami-Miami Beach-Kendall, FL HMFA",33130,0
metro-zcta,2026,FL,Florida,"Miami-Miami Beach-Kendall, FL HMFA",33131,0
metro-zcta,2026,FL,Florida,"Miami-Miami Beach-Kendall, FL HMFA",33132,0
metro-zcta,2026,FL,Florida,"Miami-Miami Beach-Kendall, FL HMFA",33133,0
metro-zcta,2026,FL,Florida,"Miami-Miami Beach-Kendall, FL HMFA",33134,0
metro-zcta,2026,FL,Florida,"Miami-Miami Beach-Kendall, FL HMFA",33137,0
metro-zcta,2026,FL,Florida,"Miami-Miami Beach-Kendall, FL HMFA",33139,0
metro-zcta,2026,FL,Florida,"Miami-Miami Beach-Kendall, FL HMFA",33140,0
metro-zcta,2026,FL,Florida,"Miami-Miami Beach-Kendall, FL HMFA",33141,0
metro-zcta,2026,FL,Florida,"Miami-Miami Beach-Kendall, FL HMFA",33143,0
metro-zcta,2026,FL,Florida,"Miami-Miami Beach-Kendall, FL HMFA",33144,0
metro-zcta,2026,FL,Florida,"Miami-Miami Beach-Kendall, FL HMFA",33145,0
metro-zcta,2026,FL,Florida,"Miami-Miami Beach-Kendall, FL HMFA",33146,0
metro-zcta,2026,FL,Florida,"Miami-Miami Beach-Kendall, FL HMFA",33149,0
metro-zcta,2026,FL,Florida,"Miami-Miami Beach-Kendall, FL HMFA",33154,0
metro-zcta,2026,FL,Florida,"Miami-Miami Beach-Kendall, FL HMFA",33155,0
metro-zcta,2026,FL,Florida,"Miami-Miami Beach-Kendall, FL HMFA",33156,0
metro-zcta,2026,FL,Florida,"Miami-Miami Beach-Kendall, FL HMFA",33158,0
metro-zcta,2026,FL,Florida,"Miami-Miami Beach-Kendall, FL HMFA",33160,0
metro-zcta,2026,FL,Florida,"Miami-Miami Beach-Kendall, FL HMFA",33165,0
metro-zcta,2026,FL,Florida,"Miami-Miami Beach-Kendall, FL HMFA",33166,0
metro-zcta,2026,FL,Florida,"Miami-Miami Beach-Kendall, FL HMFA",33172,0
metro-zcta,2026,FL,Florida,"Miami-Miami Beach-Kendall, FL HMFA",33173,0
metro-zcta,2026,FL,Florida,"Miami-Miami Beach-Kendall, FL HMFA",33175,0
metro-zcta,2026,FL,Florida,"Miami-Miami Beach-Kendall, FL HMFA",33176,0
metro-zcta,2026,FL,Florida,"Miami-Miami Beach-Kendall, FL HMFA",33177,0
metro-zcta,2026,FL,Florida,"Miami-Miami Beach-Kendall, FL HMFA",33178,0
metro-zcta,2026,FL,Florida,"Miami-Miami Beach-Kendall, FL HMFA",33180,0
metro-zcta,2026,FL,Florida,"Miami-Miami Beach-Kendall, FL HMFA",33182,0
metro-zcta,2026,FL,Florida,"Miami-Miami Beach-Kendall, FL HMFA",33183,0
metro-zcta,2026,FL,Florida,"Miami-Miami Beach-Kendall, FL HMFA",33184,0
metro-zcta,2026,FL,Florida,"Miami-Miami Beach-Kendall, FL HMFA",33185,0
metro-zcta,2026,FL,Florida,"Miami-Miami Beach-Kendall, FL HMFA",33186,0
metro-zcta,2026,FL,Florida,"Miami-Miami Beach-Kendall, FL HMFA",33187,0
metro-zcta,2026,FL,Florida,"Miami-Miami Beach-Kendall, FL HMFA",33190,0
metro-zcta,2026,FL,Florida,"Miami-Miami Beach-Kendall, FL HMFA",33193,0
metro-zcta,2026,FL,Florida,"Miami-Miami Beach-Kendall, FL HMFA",33194,0
metro-zcta,2026,FL,Florida,"Miami-Miami Beach-Kendall, FL HMFA",33196,0
metro-zcta,2026,FL,Florida,"Naples-Marco Island, FL MSA",34105,0
metro-zcta,2026,FL,Florida,"Naples-Marco Island, FL MSA",34108,0
metro-zcta,2026,FL,Florida,"Naples-Marco Island, FL MSA",34110,1
metro-zcta,2026,FL,Florida,"Naples-Marco Island, FL MSA",34120,0
metro-zcta,2026,FL,Florida,"Naples-Marco Island, FL MSA",34140,0
metro-zcta,2026,FL,Florida,"Naples-Marco Island, FL MSA",34145,0
metro-zcta,2026,FL,Florida,"North Port-Bradenton-Sarasota, FL MSA",34201,0
metro-zcta,2026,FL,Florida,"North Port-Bradenton-Sarasota, FL MSA",34202,0
metro-zcta,2026,FL,Florida,"North Port-Bradenton-Sarasota, FL MSA",34211,0
metro-zcta,2026,FL,Florida,"North Port-Bradenton-Sarasota, FL MSA",34212,0
metro-zcta,2026,FL,Florida,"North Port-Bradenton-Sarasota, FL MSA",34219,0
metro-zcta,2026,FL,Florida,"North Port-Bradenton-Sarasota, FL MSA",34228,0
metro-zcta,2026,FL,Florida,"North Port-Bradenton-Sarasota, FL MSA",34229,0
metro-zcta,2026,FL,Florida,"North Port-Bradenton-Sarasota, FL MSA",34232,0
metro-zcta,2026,FL,Florida,"North Port-Bradenton-Sarasota, FL MSA",34233,0
metro-zcta,2026,FL,Florida,"North Port-Bradenton-Sarasota, FL MSA",34235,0
metro-zcta,2026,FL,Florida,"North Port-Bradenton-Sarasota, FL MSA",34236,0
metro-zcta,2026,FL,Florida,"North Port-Bradenton-Sarasota, FL MSA",34238,0
metro-zcta,2026,FL,Florida,"North Port-Bradenton-Sarasota, FL MSA",34240,0
metro-zcta,2026,FL,Florida,"North Port-Bradenton-Sarasota, FL MSA",34241,0
metro-zcta,2026,FL,Florida,"North Port-Bradenton-Sarasota, FL MSA",34242,0
metro-zcta,2026,FL,Florida,"North Port-Bradenton-Sarasota, FL MSA",34243,0
metro-zcta,2026,FL,Florida,"North Port-Bradenton-Sarasota, FL MSA",34251,0
metro-zcta,2026,FL,Florida,"North Port-Bradenton-Sarasota, FL MSA",34286,0
metro-zcta,2026,FL,Florida,"North Port-Bradenton-Sarasota, FL MSA",34288,0
metro-zcta,2026,FL,Florida,"North Port-Bradenton-Sarasota, FL MSA",34291,0
metro-zcta,2026,FL,Florida,"North Port-Bradenton-Sarasota, FL MSA",34292,0
metro-zcta,2026,FL,Florida,"North Port-Bradenton-Sarasota, FL MSA",34293,0
metro-zcta,2026,FL,Florida,"Ocala, FL MSA",32162,1
metro-zcta,2026,FL,Florida,"Ocala, FL MSA",34473,0
metro-zcta,2026,FL,Florida,"Ocala, FL MSA",34474,0
metro-zcta,2026,FL,Florida,"Orlando-Kissimmee-Sanford, FL MSA",32163,1
metro-zcta,2026,FL,Florida,"Orlando-Kissimmee-Sanford, FL MSA",32708,0
metro-zcta,2026,FL,Florida,"Orlando-Kissimmee-Sanford, FL MSA",32712,0
metro-zcta,2026,FL,Florida,"Orlando-Kissimmee-Sanford, FL MSA",32714,0
metro-zcta,2026,FL,Florida,"Orlando-Kissimmee-Sanford, FL MSA",32732,0
metro-zcta,2026,FL,Florida,"Orlando-Kissimmee-Sanford, FL MSA",32735,0
metro-zcta,2026,FL,Florida,"Orlando-Kissimmee-Sanford, FL MSA",32746,0
metro-zcta,2026,FL,Florida,"Orlando-Kissimmee-Sanford, FL MSA",32751,0
metro-zcta,2026,FL,Florida,"Orlando-Kissimmee-Sanford, FL MSA",32765,0
metro-zcta,2026,FL,Florida,"Orlando-Kissimmee-Sanford, FL MSA",32766,0
metro-zcta,2026,FL,Florida,"Orlando-Kissimmee-Sanford, FL MSA",32779,0
metro-zcta,2026,FL,Florida,"Orlando-Kissimmee-Sanford, FL MSA",32789,0
metro-zcta,2026,FL,Florida,"Orlando-Kissimmee-Sanford, FL MSA",32792,0
metro-zcta,2026,FL,Florida,"Orlando-Kissimmee-Sanford, FL MSA",32801,0
metro-zcta,2026,FL,Florida,"Orlando-Kissimmee-Sanford, FL MSA",32803,0
metro-zcta,2026,FL,Florida,"Orlando-Kissimmee-Sanford, FL MSA",32804,0
metro-zcta,2026,FL,Florida,"Orlando-Kissimmee-Sanford, FL MSA",32814,0
metro-zcta,2026,FL,Florida,"Orlando-Kissimmee-Sanford, FL MSA",32817,0
metro-zcta,2026,FL,Florida,"Orlando-Kissimmee-Sanford, FL MSA",32819,0
metro-zcta,2026,FL,Florida,"Orlando-Kissimmee-Sanford, FL MSA",32820,0
metro-zcta,2026,FL,Florida,"Orlando-Kissimmee-Sanford, FL MSA",32821,0
metro-zcta,2026,FL,Florida,"Orlando-Kissimmee-Sanford, FL MSA",32824,0
metro-zcta,2026,FL,Florida,"Orlando-Kissimmee-Sanford, FL MSA",32825,0
metro-zcta,2026,FL,Florida,"Orlando-Kissimmee-Sanford, FL MSA",32827,0
metro-zcta,2026,FL,Florida,"Orlando-Kissimmee-Sanford, FL MSA",32828,0
metro-zcta,2026,FL,Florida,"Orlando-Kissimmee-Sanford, FL MSA",32829,0
metro-zcta,2026,FL,Florida,"Orlando-Kissimmee-Sanford, FL MSA",32831,0
metro-zcta,2026,FL,Florida,"Orlando-Kissimmee-Sanford, FL MSA",32832,0
metro-zcta,2026,FL,Florida,"Orlando-Kissimmee-Sanford, FL MSA",32835,0
metro-zcta,2026,FL,Florida,"Orlando-Kissimmee-Sanford, FL MSA",32836,0
metro-zcta,2026,FL,Florida,"Orlando-Kissimmee-Sanford, FL MSA",32837,0
metro-zcta,2026,FL,Florida,"Orlando-Kissimmee-Sanford, FL MSA",33896,1
metro-zcta,2026,FL,Florida,"Orlando-Kissimmee-Sanford, FL MSA",33897,1
metro-zcta,2026,FL,Florida,"Orlando-Kissimmee-Sanford, FL MSA",34711,0
metro-zcta,2026,FL,Florida,"Orlando-Kissimmee-Sanford, FL MSA",34714,1
metro-zcta,2026,FL,Florida,"Orlando-Kissimmee-Sanford, FL MSA",34715,0
metro-zcta,2026,FL,Florida,"Orlando-Kissimmee-Sanford, FL MSA",34729,0
metro-zcta,2026,FL,Florida,"Orlando-Kissimmee-Sanford, FL MSA",34734,0
metro-zcta,2026,FL,Florida,"Orlando-Kissimmee-Sanford, FL MSA",34736,0
metro-zcta,2026,FL,Florida,"Orlando-Kissimmee-Sanford, FL MSA",34737,0
metro-zcta,2026,FL,Florida,"Orlando-Kissimmee-Sanford, FL MSA",34743,0
metro-zcta,2026,FL,Florida,"Orlando-Kissimmee-Sanford, FL MSA",34746,0
metro-zcta,2026,FL,Florida,"Orlando-Kissimmee-Sanford, FL MSA",34747,0
metro-zcta,2026,FL,Florida,"Orlando-Kissimmee-Sanford, FL MSA",34758,0
metro-zcta,2026,FL,Florida,"Orlando-Kissimmee-Sanford, FL MSA",34760,0
metro-zcta,2026,FL,Florida,"Orlando-Kissimmee-Sanford, FL MSA",34761,0
metro-zcta,2026,FL,Florida,"Orlando-Kissimmee-Sanford, FL MSA",34772,0
metro-zcta,2026,FL,Florida,"Orlando-Kissimmee-Sanford, FL MSA",34773,0
metro-zcta,2026,FL,Florida,"Orlando-Kissimmee-Sanford, FL MSA",34786,0
metro-zcta,2026,FL,Florida,"Orlando-Kissimmee-Sanford, FL MSA",34787,0
metro-zcta,2026,FL,Florida,"Orlando-Kissimmee-Sanford, FL MSA",34797,0
metro-zcta,2026,FL,Florida,"Palm Bay-Melbourne-Titusville, FL MSA",32903,0
metro-zcta,2026,FL,Florida,"Palm Bay-Melbourne-Titusville, FL MSA",32904,0
metro-zcta,2026,FL,Florida,"Palm Bay-Melbourne-Titusville, FL MSA",32925,0
metro-zcta,2026,FL,Florida,"Palm Bay-Melbourne-Titusville, FL MSA",32934,0
metro-zcta,2026,FL,Florida,"Palm Bay-Melbourne-Titusville, FL MSA",32937,0
metro-zcta,2026,FL,Florida,"Palm Bay-Melbourne-Titusville, FL MSA",32940,0
metro-zcta,2026,FL,Florida,"Palm Bay-Melbourne-Titusville, FL MSA",32950,0
metro-zcta,2026,FL,Florida,"Palm Bay-Melbourne-Titusville, FL MSA",32951,0
metro-zcta,2026,FL,Florida,"Palm Bay-Melbourne-Titusville, FL MSA",32955,0
metro-zcta,2026,FL,Florida,"Palm Coast, FL HMFA",32137,0
metro-zcta,2026,FL,Florida,"Panama City, FL HMFA",32403,0
metro-zcta,2026,FL,Florida,"Panama City, FL HMFA",32407,0
metro-zcta,2026,FL,Florida,"Panama City, FL HMFA",32410,0
metro-zcta,2026,FL,Florida,"Panama City, FL HMFA",32444,0
metro-zcta,2026,FL,Florida,"Pensacola-Ferry Pass-Brent, FL MSA",32508,0
metro-zcta,2026,FL,Florida,"Pensacola-Ferry Pass-Brent, FL MSA",32561,0
metro-zcta,2026,FL,Florida,"Pensacola-Ferry Pass-Brent, FL MSA",32563,0
metro-zcta,2026,FL,Florida,"Pensacola-Ferry Pass-Brent, FL MSA",32566,0
metro-zcta,2026,FL,Florida,MSA,33458,1
metro-zcta,2026,FL,Florida,MSA,33921,1
metro-zcta,2026,FL,Florida,MSA,33469,1
metro-zcta,2026,FL,Florida,MSA,33953,0
metro-zcta,2026,FL,Florida,MSA,33478,1
metro-zcta,2026,FL,Florida,MSA,33954,0
metro-zcta,2026,FL,Florida,MSA,34952,0
metro-zcta,2026,FL,Florida,MSA,33955,1
metro-zcta,2026,FL,Florida,MSA,34953,0
metro-zcta,2026,FL,Florida,MSA,33981,0
metro-zcta,2026,FL,Florida,MSA,34983,0
metro-zcta,2026,FL,Florida,MSA,34984,0
metro-zcta,2026,FL,Florida,MSA,34986,0
metro-zcta,2026,FL,Florida,MSA,34987,0
metro-zcta,2026,FL,Florida,MSA,34990,0
metro-zcta,2026,FL,Florida,"Sebastian-Vero Beach-West Vero Corridor, FL MSA",32958,0
metro-zcta,2026,FL,Florida,"Sebastian-Vero Beach-West Vero Corridor, FL MSA",32963,0
metro-zcta,2026,FL,Florida,"Sebastian-Vero Beach-West Vero Corridor, FL MSA",32968,0
metro-zcta,2026,FL,Florida,"Sebring, FL MSA",33872,0
metro-zcta,2026,FL,Florida,"Tampa-St. Petersburg-Clearwater, FL MSA",33503,0
metro-zcta,2026,FL,Florida,"Tampa-St. Petersburg-Clearwater, FL MSA",33511,0
metro-zcta,2026,FL,Florida,"Tampa-St. Petersburg-Clearwater, FL MSA",33543,0
metro-zcta,2026,FL,Florida,"Tampa-St. Petersburg-Clearwater, FL MSA",33544,0
metro-zcta,2026,FL,Florida,"Tampa-St. Petersburg-Clearwater, FL MSA",33545,0
metro-zcta,2026,FL,Florida,"Tampa-St. Petersburg-Clearwater, FL MSA",33547,1
metro-zcta,2026,FL,Florida,"Tampa-St. Petersburg-Clearwater, FL MSA",33548,0
metro-zcta,2026,FL,Florida,"Tampa-St. Petersburg-Clearwater, FL MSA",33549,0
metro-zcta,2026,FL,Florida,"Tampa-St. Petersburg-Clearwater, FL MSA",33556,0
metro-zcta,2026,FL,Florida,"Tampa-St. Petersburg-Clearwater, FL MSA",33559,0
metro-zcta,2026,FL,Florida,"Tampa-St. Petersburg-Clearwater, FL MSA",33569,0
metro-zcta,2026,FL,Florida,"Tampa-St. Petersburg-Clearwater, FL MSA",33572,0
metro-zcta,2026,FL,Florida,"Tampa-St. Petersburg-Clearwater, FL MSA",33573,0
metro-zcta,2026,FL,Florida,"Tampa-St. Petersburg-Clearwater, FL MSA",33578,0
metro-zcta,2026,FL,Florida,"Tampa-St. Petersburg-Clearwater, FL MSA",33579,0
metro-zcta,2026,FL,Florida,"Tampa-St. Petersburg-Clearwater, FL MSA",33594,0
metro-zcta,2026,FL,Florida,"Tampa-St. Petersburg-Clearwater, FL MSA",33596,0
metro-zcta,2026,FL,Florida,"Tampa-St. Petersburg-Clearwater, FL MSA",33602,0
metro-zcta,2026,FL,Florida,"Tampa-St. Petersburg-Clearwater, FL MSA",33606,0
metro-zcta,2026,FL,Florida,"Tampa-St. Petersburg-Clearwater, FL MSA",33607,0
metro-zcta,2026,FL,Florida,"Tampa-St. Petersburg-Clearwater, FL MSA",33609,0
metro-zcta,2026,FL,Florida,"Tampa-St. Petersburg-Clearwater, FL MSA",33611,0
metro-zcta,2026,FL,Florida,"Tampa-St. Petersburg-Clearwater, FL MSA",33614,0
metro-zcta,2026,FL,Florida,"Tampa-St. Petersburg-Clearwater, FL MSA",33615,0
metro-zcta,2026,FL,Florida,"Tampa-St. Petersburg-Clearwater, FL MSA",33616,0
metro-zcta,2026,FL,Florida,"Tampa-St. Petersburg-Clearwater, FL MSA",33617,0
metro-zcta,2026,FL,Florida,"Tampa-St. Petersburg-Clearwater, FL MSA",33619,0
metro-zcta,2026,FL,Florida,"Tampa-St. Petersburg-Clearwater, FL MSA",33621,0
metro-zcta,2026,FL,Florida,"Tampa-St. Petersburg-Clearwater, FL MSA",33624,0
metro-zcta,2026,FL,Florida,"Tampa-St. Petersburg-Clearwater, FL MSA",33625,0
metro-zcta,2026,FL,Florida,"Tampa-St. Petersburg-Clearwater, FL MSA",33626,0
metro-zcta,2026,FL,Florida,"Tampa-St. Petersburg-Clearwater, FL MSA",33629,0
metro-zcta,2026,FL,Florida,"Tampa-St. Petersburg-Clearwater, FL MSA",33634,0
metro-zcta,2026,FL,Florida,"Tampa-St. Petersburg-Clearwater, FL MSA",33635,0
metro-zcta,2026,FL,Florida,"Tampa-St. Petersburg-Clearwater, FL MSA",33637,0
metro-zcta,2026,FL,Florida,"Tampa-St. Petersburg-Clearwater, FL MSA",33647,0
metro-zcta,2026,FL,Florida,"Tampa-St. Petersburg-Clearwater, FL MSA",33701,0
metro-zcta,2026,FL,Florida,"Tampa-St. Petersburg-Clearwater, FL MSA",33702,0
metro-zcta,2026,FL,Florida,"Tampa-St. Petersburg-Clearwater, FL MSA",33703,0
metro-zcta,2026,FL,Florida,"Tampa-St. Petersburg-Clearwater, FL MSA",33705,0
metro-zcta,2026,FL,Florida,"Tampa-St. Petersburg-Clearwater, FL MSA",33706,0
metro-zcta,2026,FL,Florida,"Tampa-St. Petersburg-Clearwater, FL MSA",33708,0
metro-zcta,2026,FL,Florida,"Tampa-St. Petersburg-Clearwater, FL MSA",33710,0
metro-zcta,2026,FL,Florida,"Tampa-St. Petersburg-Clearwater, FL MSA",33711,0
metro-zcta,2026,FL,Florida,"Tampa-St. Petersburg-Clearwater, FL MSA",33712,0
metro-zcta,2026,FL,Florida,"Tampa-St. Petersburg-Clearwater, FL MSA",33715,0
metro-zcta,2026,FL,Florida,"Tampa-St. Petersburg-Clearwater, FL MSA",33716,0
metro-zcta,2026,FL,Florida,"Tampa-St. Petersburg-Clearwater, FL MSA",33759,0
metro-zcta,2026,FL,Florida,"Tampa-St. Petersburg-Clearwater, FL MSA",33760,0
metro-zcta,2026,FL,Florida,"Tampa-St. Petersburg-Clearwater, FL MSA",33761,0
metro-zcta,2026,FL,Florida,"Tampa-St. Petersburg-Clearwater, FL MSA",33762,0
metro-zcta,2026,FL,Florida,"Tampa-St. Petersburg-Clearwater, FL MSA",33764,0
metro-zcta,2026,FL,Florida,"Tampa-St. Petersburg-Clearwater, FL MSA",33765,0
metro-zcta,2026,FL,Florida,"Tampa-St. Petersburg-Clearwater, FL MSA",33767,0
metro-zcta,2026,FL,Florida,"Tampa-St. Petersburg-Clearwater, FL MSA",33772,0
metro-zcta,2026,FL,Florida,"Tampa-St. Petersburg-Clearwater, FL MSA",33773,0
metro-zcta,2026,FL,Florida,"Tampa-St. Petersburg-Clearwater, FL MSA",33776,0
metro-zcta,2026,FL,Florida,"Tampa-St. Petersburg-Clearwater, FL MSA",33777,0
metro-zcta,2026,FL,Florida,"Tampa-St. Petersburg-Clearwater, FL MSA",33778,0
metro-zcta,2026,FL,Florida,"Tampa-St. Petersburg-Clearwater, FL MSA",33782,0
metro-zcta,2026,FL,Florida,"Tampa-St. Petersburg-Clearwater, FL MSA",33785,0
metro-zcta,2026,FL,Florida,"Tampa-St. Petersburg-Clearwater, FL MSA",33786,0
metro-zcta,2026,FL,Florida,"Tampa-St. Petersburg-Clearwater, FL MSA",34609,0
metro-zcta,2026,FL,Florida,"Tampa-St. Petersburg-Clearwater, FL MSA",34637,0
metro-zcta,2026,FL,Florida,"Tampa-St. Petersburg-Clearwater, FL MSA",34638,0
metro-zcta,2026,FL,Florida,"Tampa-St. Petersburg-Clearwater, FL MSA",34639,0
metro-zcta,2026,FL,Florida,"Tampa-St. Petersburg-Clearwater, FL MSA",34654,0
metro-zcta,2026,FL,Florida,"Tampa-St. Petersburg-Clearwater, FL MSA",34655,0
metro-zcta,2026,FL,Florida,"Tampa-St. Petersburg-Clearwater, FL MSA",34677,0
metro-zcta,2026,FL,Florida,"Tampa-St. Petersburg-Clearwater, FL MSA",34681,0
metro-zcta,2026,FL,Florida,"Tampa-St. Petersburg-Clearwater, FL MSA",34683,0
metro-zcta,2026,FL,Florida,"Tampa-St. Petersburg-Clearwater, FL MSA",34684,0
metro-zcta,2026,FL,Florida,"Tampa-St. Petersburg-Clearwater, FL MSA",34685,0
metro-zcta,2026,FL,Florida,"Tampa-St. Petersburg-Clearwater, FL MSA",34688,0
metro-zcta,2026,FL,Florida,"Tampa-St. Petersburg-Clearwater, FL MSA",34695,0
metro-zcta,2026,FL,Florida,"Wakulla County, FL HMFA",32346,0
metro-zcta,2026,FL,Florida,"Walton County, FL HMFA",32461,0
metro-zcta,2026,FL,Florida,"Walton County, FL HMFA",32550,0
metro-zcta,2026,FL,Florida,"Walton County, FL HMFA",32578,1
metro-zcta,2026,FL,Florida,"Washington County, FL HMFA",32466,1
metro-zcta,2026,FL,Florida,"(FL continued) West Palm Beach-Boca Raton, FL HMFA",33408,0
metro-zcta,2026,FL,Florida,"(FL continued) West Palm Beach-Boca Raton, FL HMFA",33410,0
metro-zcta,2026,FL,Florida,"(FL continued) West Palm Beach-Boca Raton, FL HMFA",33411,0
metro-zcta,2026,FL,Florida,"(FL continued) West Palm Beach-Boca Raton, FL HMFA",33412,0
metro-zcta,2026,FL,Florida,"(FL continued) West Palm Beach-Boca Raton, FL HMFA",33413,0
metro-zcta,2026,FL,Florida,"(FL continued) West Palm Beach-Boca Raton, FL HMFA",33414,0
metro-zcta,2026,FL,Florida,"(FL continued) West Palm Beach-Boca Raton, FL HMFA",33418,0
metro-zcta,2026,FL,Florida,"(FL continued) West Palm Beach-Boca Raton, FL HMFA",33426,0
metro-zcta,2026,FL,Florida,"(FL continued) West Palm Beach-Boca Raton, FL HMFA",33428,0
metro-zcta,2026,FL,Florida,"(FL continued) West Palm Beach-Boca Raton, FL HMFA",33431,0
metro-zcta,2026,FL,Florida,"(FL continued) West Palm Beach-Boca Raton, FL HMFA",33432,0
metro-zcta,2026,FL,Florida,"(FL continued) West Palm Beach-Boca Raton, FL HMFA",33433,0
metro-zcta,2026,FL,Florida,"(FL continued) West Palm Beach-Boca Raton, FL HMFA",33435,0
metro-zcta,2026,FL,Florida,"(FL continued) West Palm Beach-Boca Raton, FL HMFA",33436,0
metro-zcta,2026,FL,Florida,"(FL continued) West Palm Beach-Boca Raton, FL HMFA",33437,0
metro-zcta,2026,FL,Florida,"(FL continued) West Palm Beach-Boca Raton, FL HMFA",33444,0
metro-zcta,2026,FL,Florida,"(FL continued) West Palm Beach-Boca Raton, FL HMFA",33445,0
metro-zcta,2026,FL,Florida,"(FL continued) West Palm Beach-Boca Raton, FL HMFA",33449,0
metro-zcta,2026,FL,Florida,"(FL continued) West Palm Beach-Boca Raton, FL HMFA",33458,1
metro-zcta,2026,FL,Florida,"(FL continued) West Palm Beach-Boca Raton, FL HMFA",33469,1
metro-zcta,2026,FL,Florida,"(FL continued) West Palm Beach-Boca Raton, FL HMFA",33470,0
metro-zcta,2026,FL,Florida,"(FL continued) West Palm Beach-Boca Raton, FL HMFA",33472,0
metro-zcta,2026,FL,Florida,"(FL continued) West Palm Beach-Boca Raton, FL HMFA",33473,0
metro-zcta,2026,FL,Florida,"(FL continued) West Palm Beach-Boca Raton, FL HMFA",33477,0
metro-zcta,2026,FL,Florida,"(FL continued) West Palm Beach-Boca Raton, FL HMFA",33478,1
metro-zcta,2026,FL,Florida,"(FL continued) West Palm Beach-Boca Raton, FL HMFA",33480,0
metro-zcta,2026,FL,Florida,"(FL continued) West Palm Beach-Boca Raton, FL HMFA",33483,0
metro-zcta,2026,FL,Florida,"(FL continued) West Palm Beach-Boca Raton, FL HMFA",33486,0
metro-zcta,2026,FL,Florida,"(FL continued) West Palm Beach-Boca Raton, FL HMFA",33487,0
metro-zcta,2026,FL,Florida,"(FL continued) West Palm Beach-Boca Raton, FL HMFA",33496,0
metro-zcta,2026,FL,Florida,"(FL continued) West Palm Beach-Boca Raton, FL HMFA",33498,0
metro-zcta,2026,FL,Florida,"Wildwood-The Villages, FL MSA",32162,1
metro-zcta,2026,FL,Florida,"Wildwood-The Villages, FL MSA",32163,1
metro-zcta,2026,GA,Georgia,"Athens-Clarke County, GA MSA",30622,1
metro-zcta,2026,GA,Georgia,"Atlanta-Sandy Springs-Roswell, GA HMFA",30005,0
metro-zcta,2026,GA,Georgia,"Atlanta-Sandy Springs-Roswell, GA HMFA",30009,0
metro-zcta,2026,GA,Georgia,"Atlanta-Sandy Springs-Roswell, GA HMFA",30017,0
metro-zcta,2026,GA,Georgia,"Atlanta-Sandy Springs-Roswell, GA HMFA",30019,0
metro-zcta,2026,GA,Georgia,"Atlanta-Sandy Springs-Roswell, GA HMFA",30022,0
metro-zcta,2026,GA,Georgia,"Atlanta-Sandy Springs-Roswell, GA HMFA",30024,0
metro-zcta,2026,GA,Georgia,"Atlanta-Sandy Springs-Roswell, GA HMFA",30028,0
metro-zcta,2026,GA,Georgia,"Atlanta-Sandy Springs-Roswell, GA HMFA",30030,0
metro-zcta,2026,GA,Georgia,"Atlanta-Sandy Springs-Roswell, GA HMFA",30039,0
metro-zcta,2026,GA,Georgia,"Atlanta-Sandy Springs-Roswell, GA HMFA",30040,0
metro-zcta,2026,GA,Georgia,"Atlanta-Sandy Springs-Roswell, GA HMFA",30041,0
metro-zcta,2026,GA,Georgia,"Atlanta-Sandy Springs-Roswell, GA HMFA",30045,0
metro-zcta,2026,GA,Georgia,"Atlanta-Sandy Springs-Roswell, GA HMFA",30066,0
metro-zcta,2026,GA,Georgia,"Atlanta-Sandy Springs-Roswell, GA HMFA",30075,0
metro-zcta,2026,GA,Georgia,"Atlanta-Sandy Springs-Roswell, GA HMFA",30096,0
metro-zcta,2026,GA,Georgia,"Atlanta-Sandy Springs-Roswell, GA HMFA",30097,0
metro-zcta,2026,GA,Georgia,"Atlanta-Sandy Springs-Roswell, GA HMFA",30127,0
metro-zcta,2026,GA,Georgia,"Atlanta-Sandy Springs-Roswell, GA HMFA",30144,0
metro-zcta,2026,GA,Georgia,"Atlanta-Sandy Springs-Roswell, GA HMFA",30269,0
metro-zcta,2026,GA,Georgia,"Atlanta-Sandy Springs-Roswell, GA HMFA",30303,0
metro-zcta,2026,GA,Georgia,"Atlanta-Sandy Springs-Roswell, GA HMFA",30305,0
metro-zcta,2026,GA,Georgia,"Atlanta-Sandy Springs-Roswell, GA HMFA",30306,0
metro-zcta,2026,GA,Georgia,"Atlanta-Sandy Springs-Roswell, GA HMFA",30307,0
metro-zcta,2026,GA,Georgia,"Atlanta-Sandy Springs-Roswell, GA HMFA",30308,0
metro-zcta,2026,GA,Georgia,"Atlanta-Sandy Springs-Roswell, GA HMFA",30309,0
metro-zcta,2026,GA,Georgia,"Atlanta-Sandy Springs-Roswell, GA HMFA",30319,0
metro-zcta,2026,GA,Georgia,"Atlanta-Sandy Springs-Roswell, GA HMFA",30322,0
metro-zcta,2026,GA,Georgia,"Atlanta-Sandy Springs-Roswell, GA HMFA",30324,0
metro-zcta,2026,GA,Georgia,"Atlanta-Sandy Springs-Roswell, GA HMFA",30326,0
metro-zcta,2026,GA,Georgia,"Atlanta-Sandy Springs-Roswell, GA HMFA",30327,0
metro-zcta,2026,GA,Georgia,"Atlanta-Sandy Springs-Roswell, GA HMFA",30328,0
metro-zcta,2026,GA,Georgia,"Atlanta-Sandy Springs-Roswell, GA HMFA",30329,0
metro-zcta,2026,GA,Georgia,"Atlanta-Sandy Springs-Roswell, GA HMFA",30338,0
metro-zcta,2026,GA,Georgia,"Atlanta-Sandy Springs-Roswell, GA HMFA",30339,0
metro-zcta,2026,GA,Georgia,"Atlanta-Sandy Springs-Roswell, GA HMFA",30341,0
metro-zcta,2026,GA,Georgia,"Atlanta-Sandy Springs-Roswell, GA HMFA",30342,0
metro-zcta,2026,GA,Georgia,"Atlanta-Sandy Springs-Roswell, GA HMFA",30346,0
metro-zcta,2026,GA,Georgia,"Atlanta-Sandy Springs-Roswell, GA HMFA",30350,0
metro-zcta,2026,GA,Georgia,"Atlanta-Sandy Springs-Roswell, GA HMFA",30363,0
metro-zcta,2026,GA,Georgia,"Atlanta-Sandy Springs-Roswell, GA HMFA",30519,1
metro-zcta,2026,GA,Georgia,"Augusta-Richmond County, GA-SC HMFA",30809,0
metro-zcta,2026,GA,Georgia,"Augusta-Richmond County, GA-SC HMFA",30905,0
metro-zcta,2026,GA,Georgia,"Brunswick-St. Simons, GA MSA",31522,0
metro-zcta,2026,GA,Georgia,"Brunswick-St. Simons, GA MSA",31527,0
metro-zcta,2026,GA,Georgia,"Brunswick-St. Simons, GA MSA",31561,0
metro-zcta,2026,GA,Georgia,"Butts County, GA HMFA",30234,1
metro-zcta,2026,GA,Georgia,"Butts County, GA HMFA",30248,1
metro-zcta,2026,GA,Georgia,"Columbus, GA-AL HMFA",31808,0
metro-zcta,2026,GA,Georgia,"Columbus, GA-AL HMFA",31820,0
metro-zcta,2026,GA,Georgia,"Columbus, GA-AL HMFA",31905,0
metro-zcta,2026,GA,Georgia,"Columbus, GA-AL HMFA",31909,0
metro-zcta,2026,GA,Georgia,"Gainesville, GA MSA",30519,1
metro-zcta,2026,GA,Georgia,"Hinesville, GA HMFA",31314,0
metro-zcta,2026,GA,Georgia,"Hinesville, GA HMFA",31315,0
metro-zcta,2026,GA,Georgia,"Macon-Bibb County, GA HMFA",31210,1
metro-zcta,2026,GA,Georgia,"Macon-Bibb County, GA HMFA",31220,1
metro-zcta,2026,GA,Georgia,"Meriwether County, GA HMFA",30220,1
metro-zcta,2026,GA,Georgia,"Meriwether County, GA HMFA",30276,1
metro-zcta,2026,GA,Georgia,"Savannah, GA MSA",31322,0
metro-zcta,2026,GA,Georgia,"Savannah, GA MSA",31324,1
metro-zcta,2026,GA,Georgia,"Savannah, GA MSA",31407,0
metro-zcta,2026,GA,Georgia,"Savannah, GA MSA",31410,0
metro-zcta,2026,GA,Georgia,"Savannah, GA MSA",31411,0
metro-zcta,2026,GA,Georgia,"Valdosta, GA MSA",31605,0
metro-zcta,2026,GA,Georgia,"Valdosta, GA MSA",31632,0
metro-zcta,2026,GA,Georgia,"Valdosta, GA MSA",31699,0
metro-zcta,2026,HI,Hawaii,"Kahului-Wailuku-Lahaina, HI HMFA",96708,0
metro-zcta,2026,HI,Hawaii,"Kahului-Wailuku-Lahaina, HI HMFA",96713,0
metro-zcta,2026,HI,Hawaii,"Kahului-Wailuku-Lahaina, HI HMFA",96753,0
metro-zcta,2026,HI,Hawaii,"Kahului-Wailuku-Lahaina, HI HMFA",96761,0
metro-zcta,2026,HI,Hawaii,"Kahului-Wailuku-Lahaina, HI HMFA",96779,0
metro-zcta,2026,HI,Hawaii,"Urban Honolulu, HI MSA",96706,0
metro-zcta,2026,HI,Hawaii,"Urban Honolulu, HI MSA",96707,0
metro-zcta,2026,HI,Hawaii,"Urban Honolulu, HI MSA",96717,0
metro-zcta,2026,HI,Hawaii,"Urban Honolulu, HI MSA",96734,0
metro-zcta,2026,HI,Hawaii,"Urban Honolulu, HI MSA",96744,0
metro-zcta,2026,HI,Hawaii,"Urban Honolulu, HI MSA",96759,0
metro-zcta,2026,HI,Hawaii,"Urban Honolulu, HI MSA",96762,0
metro-zcta,2026,HI,Hawaii,"Urban Honolulu, HI MSA",96786,0
metro-zcta,2026,HI,Hawaii,"Urban Honolulu, HI MSA",96791,0
metro-zcta,2026,HI,Hawaii,"Urban Honolulu, HI MSA",96815,0
metro-zcta,2026,HI,Hawaii,"Urban Honolulu, HI MSA",96818,0
metro-zcta,2026,HI,Hawaii,"Urban Honolulu, HI MSA",96821,0
metro-zcta,2026,HI,Hawaii,"Urban Honolulu, HI MSA",96825,0
metro-zcta,2026,HI,Hawaii,"Urban Honolulu, HI MSA",96853,0
metro-zcta,2026,HI,Hawaii,"Urban Honolulu, HI MSA",96857,0
metro-zcta,2026,HI,Hawaii,"Urban Honolulu, HI MSA",96860,0
metro-zcta,2026,HI,Hawaii,"Urban Honolulu, HI MSA",96863,0
metro-zcta,2026,ID,Idaho,"Boise City, ID HMFA",83616,1
metro-zcta,2026,ID,Idaho,"Boise City, ID HMFA",83634,0
metro-zcta,2026,ID,Idaho,"Boise City, ID HMFA",83637,0
metro-zcta,2026,ID,Idaho,"Boise City, ID HMFA",83642,0
metro-zcta,2026,ID,Idaho,"Boise City, ID HMFA",83646,0
metro-zcta,2026,ID,Idaho,"Boise City, ID HMFA",83709,0
metro-zcta,2026,ID,Idaho,"Boise City, ID HMFA",83713,0
metro-zcta,2026,ID,Idaho,"Boise City, ID HMFA",83716,0
metro-zcta,2026,ID,Idaho,"Gem County, ID HMFA",83607,1
metro-zcta,2026,ID,Idaho,"Idaho Falls, ID HMFA",83427,0
metro-zcta,2026,ID,Idaho,"Idaho Falls, ID HMFA",83435,0
metro-zcta,2026,IL,Illinois,"Chicago-Joliet-Naperville, IL HMFA",60010,0
metro-zcta,2026,IL,Illinois,"Chicago-Joliet-Naperville, IL HMFA",60012,0
metro-zcta,2026,IL,Illinois,"Chicago-Joliet-Naperville, IL HMFA",60015,0
metro-zcta,2026,IL,Illinois,"Chicago-Joliet-Naperville, IL HMFA",60021,0
metro-zcta,2026,IL,Illinois,"Chicago-Joliet-Naperville, IL HMFA",60022,0
metro-zcta,2026,IL,Illinois,"Chicago-Joliet-Naperville, IL HMFA",60026,0
metro-zcta,2026,IL,Illinois,"Chicago-Joliet-Naperville, IL HMFA",60029,0
metro-zcta,2026,IL,Illinois,"Chicago-Joliet-Naperville, IL HMFA",60035,0
metro-zcta,2026,IL,Illinois,"Chicago-Joliet-Naperville, IL HMFA",60042,0
metro-zcta,2026,IL,Illinois,"Chicago-Joliet-Naperville, IL HMFA",60043,0
metro-zcta,2026,IL,Illinois,"Chicago-Joliet-Naperville, IL HMFA",60045,0
metro-zcta,2026,IL,Illinois,"Chicago-Joliet-Naperville, IL HMFA",60047,0
metro-zcta,2026,IL,Illinois,"Chicago-Joliet-Naperville, IL HMFA",60053,0
metro-zcta,2026,IL,Illinois,"Chicago-Joliet-Naperville, IL HMFA",60061,0
metro-zcta,2026,IL,Illinois,"Chicago-Joliet-Naperville, IL HMFA",60062,0
metro-zcta,2026,IL,Illinois,"Chicago-Joliet-Naperville, IL HMFA",60069,0
metro-zcta,2026,IL,Illinois,"Chicago-Joliet-Naperville, IL HMFA",60083,0
metro-zcta,2026,IL,Illinois,"Chicago-Joliet-Naperville, IL HMFA",60088,0
metro-zcta,2026,IL,Illinois,"Chicago-Joliet-Naperville, IL HMFA",60089,0
metro-zcta,2026,IL,Illinois,"Chicago-Joliet-Naperville, IL HMFA",60091,0
metro-zcta,2026,IL,Illinois,"Chicago-Joliet-Naperville, IL HMFA",60093,0
metro-zcta,2026,IL,Illinois,"Chicago-Joliet-Naperville, IL HMFA",60102,0
metro-zcta,2026,IL,Illinois,"Chicago-Joliet-Naperville, IL HMFA",60103,0
metro-zcta,2026,IL,Illinois,"Chicago-Joliet-Naperville, IL HMFA",60107,0
metro-zcta,2026,IL,Illinois,"Chicago-Joliet-Naperville, IL HMFA",60124,0
metro-zcta,2026,IL,Illinois,"Chicago-Joliet-Naperville, IL HMFA",60126,0
metro-zcta,2026,IL,Illinois,"Chicago-Joliet-Naperville, IL HMFA",60134,0
metro-zcta,2026,IL,Illinois,"Chicago-Joliet-Naperville, IL HMFA",60173,0
metro-zcta,2026,IL,Illinois,"Chicago-Joliet-Naperville, IL HMFA",60175,0
metro-zcta,2026,IL,Illinois,"Chicago-Joliet-Naperville, IL HMFA",60190,0
metro-zcta,2026,IL,Illinois,"Chicago-Joliet-Naperville, IL HMFA",60192,0
metro-zcta,2026,IL,Illinois,"Chicago-Joliet-Naperville, IL HMFA",60194,0
metro-zcta,2026,IL,Illinois,"Chicago-Joliet-Naperville, IL HMFA",60201,0
metro-zcta,2026,IL,Illinois,"Chicago-Joliet-Naperville, IL HMFA",60203,0
metro-zcta,2026,IL,Illinois,"Chicago-Joliet-Naperville, IL HMFA",60208,0
metro-zcta,2026,IL,Illinois,"Chicago-Joliet-Naperville, IL HMFA",60301,0
metro-zcta,2026,IL,Illinois,"Chicago-Joliet-Naperville, IL HMFA",60404,0
metro-zcta,2026,IL,Illinois,"Chicago-Joliet-Naperville, IL HMFA",60422,0
metro-zcta,2026,IL,Illinois,"Chicago-Joliet-Naperville, IL HMFA",60446,0
metro-zcta,2026,IL,Illinois,"Chicago-Joliet-Naperville, IL HMFA",60461,0
metro-zcta,2026,IL,Illinois,"Chicago-Joliet-Naperville, IL HMFA",60464,0
metro-zcta,2026,IL,Illinois,"Chicago-Joliet-Naperville, IL HMFA",60473,0
metro-zcta,2026,IL,Illinois,"Chicago-Joliet-Naperville, IL HMFA",60490,0
metro-zcta,2026,IL,Illinois,"Chicago-Joliet-Naperville, IL HMFA",60491,0
metro-zcta,2026,IL,Illinois,"Chicago-Joliet-Naperville, IL HMFA",60502,0
metro-zcta,2026,IL,Illinois,"Chicago-Joliet-Naperville, IL HMFA",60503,1
metro-zcta,2026,IL,Illinois,"Chicago-Joliet-Naperville, IL HMFA",60504,1
metro-zcta,2026,IL,Illinois,"Chicago-Joliet-Naperville, IL HMFA",60521,0
metro-zcta,2026,IL,Illinois,"Chicago-Joliet-Naperville, IL HMFA",60540,0
metro-zcta,2026,IL,Illinois,"Chicago-Joliet-Naperville, IL HMFA",60544,1
metro-zcta,2026,IL,Illinois,"Chicago-Joliet-Naperville, IL HMFA",60558,0
metro-zcta,2026,IL,Illinois,"Chicago-Joliet-Naperville, IL HMFA",60563,0
metro-zcta,2026,IL,Illinois,"Chicago-Joliet-Naperville, IL HMFA",60564,0
metro-zcta,2026,IL,Illinois,"Chicago-Joliet-Naperville, IL HMFA",60565,0
metro-zcta,2026,IL,Illinois,"Chicago-Joliet-Naperville, IL HMFA",60585,1
metro-zcta,2026,IL,Illinois,"Chicago-Joliet-Naperville, IL HMFA",60586,1
metro-zcta,2026,IL,Illinois,"Chicago-Joliet-Naperville, IL HMFA",60601,0
metro-zcta,2026,IL,Illinois,"Chicago-Joliet-Naperville, IL HMFA",60602,0
metro-zcta,2026,IL,Illinois,"Chicago-Joliet-Naperville, IL HMFA",60603,0
metro-zcta,2026,IL,Illinois,"Chicago-Joliet-Naperville, IL HMFA",60604,0
metro-zcta,2026,IL,Illinois,"Chicago-Joliet-Naperville, IL HMFA",60605,0
metro-zcta,2026,IL,Illinois,"Chicago-Joliet-Naperville, IL HMFA",60606,0
metro-zcta,2026,IL,Illinois,"Chicago-Joliet-Naperville, IL HMFA",60607,0
metro-zcta,2026,IL,Illinois,"Chicago-Joliet-Naperville, IL HMFA",60610,0
metro-zcta,2026,IL,Illinois,"Chicago-Joliet-Naperville, IL HMFA",60611,0
metro-zcta,2026,IL,Illinois,"Chicago-Joliet-Naperville, IL HMFA",60613,0
metro-zcta,2026,IL,Illinois,"Chicago-Joliet-Naperville, IL HMFA",60614,0
metro-zcta,2026,IL,Illinois,"Chicago-Joliet-Naperville, IL HMFA",60622,0
metro-zcta,2026,IL,Illinois,"Chicago-Joliet-Naperville, IL HMFA",60640,0
metro-zcta,2026,IL,Illinois,"Chicago-Joliet-Naperville, IL HMFA",60642,0
metro-zcta,2026,IL,Illinois,"Chicago-Joliet-Naperville, IL HMFA",60654,0
metro-zcta,2026,IL,Illinois,"Chicago-Joliet-Naperville, IL HMFA",60657,0
metro-zcta,2026,IL,Illinois,"Chicago-Joliet-Naperville, IL HMFA",60661,0
metro-zcta,2026,IL,Illinois,"Chicago-Joliet-Naperville, IL HMFA",60712,0
metro-zcta,2026,IL,Illinois,"Davenport-Moline-Rock Island, IA-IL MSA",61240,0
metro-zcta,2026,IL,Illinois,"DeKalb County, IL HMFA",60112,0
metro-zcta,2026,IL,Illinois,"DeKalb County, IL HMFA",60151,1
metro-zcta,2026,IL,Illinois,"Kendall County, IL HMFA",60585,1
metro-zcta,2026,IL,Illinois,"Kendall County, IL HMFA",60586,1
metro-zcta,2026,IL,Illinois,"Rockford, IL MSA",61011,0
metro-zcta,2026,IL,Illinois,"Rockford, IL MSA",61065,0
metro-zcta,2026,IN,Indiana,"Fort Wayne, IN HMFA",46748,0
metro-zcta,2026,IN,Indiana,"Fort Wayne, IN HMFA",46814,0
metro-zcta,2026,KS,Kansas,"Kansas City, MO-KS HMFA",66027,0
metro-zcta,2026,KS,Kansas,"Kansas City, MO-KS HMFA",66206,0
metro-zcta,2026,KS,Kansas,"Kansas City, MO-KS HMFA",66207,0
metro-zcta,2026,KS,Kansas,"Topeka, KS MSA",66610,0
metro-zcta,2026,KS,Kansas,"Wichita, KS HMFA",67230,0
metro-zcta,2026,KY,Kentucky,"Cincinnati, OH-KY-IN HMFA",41091,0
metro-zcta,2026,KY,Kentucky,"Louisville, KY-IN HMFA",40023,1
metro-zcta,2026,KY,Kentucky,"Louisville, KY-IN HMFA",40026,0
metro-zcta,2026,KY,Kentucky,"Louisville, KY-IN HMFA",40059,0
metro-zcta,2026,KY,Kentucky,"Louisville, KY-IN HMFA",40245,1
metro-zcta,2026,LA,Louisiana,"Baton Rouge, LA HMFA",70739,0
metro-zcta,2026,LA,Louisiana,"Baton Rouge, LA HMFA",70801,0
metro-zcta,2026,LA,Louisiana,"Houma-Bayou Cane-Thibodaux, LA MSA",70030,1
metro-zcta,2026,LA,Louisiana,"Morehouse Parish, LA HMFA",71280,1
metro-zcta,2026,LA,Louisiana,"New Orleans-Metairie, LA HMFA",70030,1
metro-zcta,2026,LA,Louisiana,"New Orleans-Metairie, LA HMFA",70037,0
metro-zcta,2026,LA,Louisiana,"New Orleans-Metairie, LA HMFA",70040,0
metro-zcta,2026,LA,Louisiana,"New Orleans-Metairie, LA HMFA",70070,0
metro-zcta,2026,LA,Louisiana,"New Orleans-Metairie, LA HMFA",70082,0
metro-zcta,2026,LA,Louisiana,"New Orleans-Metairie, LA HMFA",70115,0
metro-zcta,2026,LA,Louisiana,"New Orleans-Metairie, LA HMFA",70123,0
metro-zcta,2026,LA,Louisiana,"New Orleans-Metairie, LA HMFA",70124,0
metro-zcta,2026,LA,Louisiana,"New Orleans-Metairie, LA HMFA",70130,0
metro-zcta,2026,LA,Louisiana,"Richland Parish, LA HMFA",71237,0
metro-zcta,2026,LA,Louisiana,"Shreveport-Bossier City, LA MSA",71051,0
metro-zcta,2026,LA,Louisiana,"Shreveport-Bossier City, LA MSA",71110,0
metro-zcta,2026,LA,Louisiana,"Slidell-Mandeville-Covington, LA MSA",70431,0
metro-zcta,2026,LA,Louisiana,"Slidell-Mandeville-Covington, LA MSA",70447,0
metro-zcta,2026,LA,Louisiana,"Slidell-Mandeville-Covington, LA MSA",70448,0
metro-zcta,2026,ME,Maine,"Bangor, ME HMFA",04489,0
metro-zcta,2026,ME,Maine,"Cumberland County, ME (part) HMFA",04055,0
metro-zcta,2026,ME,Maine,"Penobscot County, ME (part) HMFA",04435,0
metro-zcta,2026,ME,Maine,"Portland, ME HMFA",04017,0
metro-zcta,2026,ME,Maine,"Portland, ME HMFA",04050,0
metro-zcta,2026,ME,Maine,"Portland, ME HMFA",04105,0
metro-zcta,2026,ME,Maine,"Portland, ME HMFA",04107,0
metro-zcta,2026,ME,Maine,"Portland, ME HMFA",04110,0
metro-zcta,2026,ME,Maine,"York County, ME (part) HMFA",03907,0
metro-zcta,2026,ME,Maine,"York-Kittery-South Berwick, ME HMFA",03905,0
metro-zcta,2026,MD,Maryland,"Baltimore-Columbia-Towson, MD MSA",20701,0
metro-zcta,2026,MD,Maryland,"Baltimore-Columbia-Towson, MD MSA",20723,0
metro-zcta,2026,MD,Maryland,"Baltimore-Columbia-Towson, MD MSA",20724,0
metro-zcta,2026,MD,Maryland,"Baltimore-Columbia-Towson, MD MSA",20754,1
metro-zcta,2026,MD,Maryland,"Baltimore-Columbia-Towson, MD MSA",20755,0
metro-zcta,2026,MD,Maryland,"Baltimore-Columbia-Towson, MD MSA",20759,0
metro-zcta,2026,MD,Maryland,"Baltimore-Columbia-Towson, MD MSA",20764,0
metro-zcta,2026,MD,Maryland,"Baltimore-Columbia-Towson, MD MSA",20777,1
metro-zcta,2026,MD,Maryland,"Baltimore-Columbia-Towson, MD MSA",20778,0
metro-zcta,2026,MD,Maryland,"Baltimore-Columbia-Towson, MD MSA",20794,0
metro-zcta,2026,MD,Maryland,"Baltimore-Columbia-Towson, MD MSA",20833,1
metro-zcta,2026,MD,Maryland,"Baltimore-Columbia-Towson, MD MSA",21005,0
metro-zcta,2026,MD,Maryland,"Baltimore-Columbia-Towson, MD MSA",21012,0
metro-zcta,2026,MD,Maryland,"Baltimore-Columbia-Towson, MD MSA",21029,0
metro-zcta,2026,MD,Maryland,"Baltimore-Columbia-Towson, MD MSA",21032,0
metro-zcta,2026,MD,Maryland,"Baltimore-Columbia-Towson, MD MSA",21035,0
metro-zcta,2026,MD,Maryland,"Baltimore-Columbia-Towson, MD MSA",21036,0
metro-zcta,2026,MD,Maryland,"Baltimore-Columbia-Towson, MD MSA",21037,0
metro-zcta,2026,MD,Maryland,"Baltimore-Columbia-Towson, MD MSA",21042,0
metro-zcta,2026,MD,Maryland,"Baltimore-Columbia-Towson, MD MSA",21043,0
metro-zcta,2026,MD,Maryland,"Baltimore-Columbia-Towson, MD MSA",21044,0
metro-zcta,2026,MD,Maryland,"Baltimore-Columbia-Towson, MD MSA",21046,0
metro-zcta,2026,MD,Maryland,"Baltimore-Columbia-Towson, MD MSA",21047,0
metro-zcta,2026,MD,Maryland,"Baltimore-Columbia-Towson, MD MSA",21053,0
metro-zcta,2026,MD,Maryland,"Baltimore-Columbia-Towson, MD MSA",21054,0
metro-zcta,2026,MD,Maryland,"Baltimore-Columbia-Towson, MD MSA",21056,0
metro-zcta,2026,MD,Maryland,"Baltimore-Columbia-Towson, MD MSA",21075,0
metro-zcta,2026,MD,Maryland,"Baltimore-Columbia-Towson, MD MSA",21076,0
metro-zcta,2026,MD,Maryland,"Baltimore-Columbia-Towson, MD MSA",21077,0
metro-zcta,2026,MD,Maryland,"Baltimore-Columbia-Towson, MD MSA",21108,0
metro-zcta,2026,MD,Maryland,"Baltimore-Columbia-Towson, MD MSA",21113,0
metro-zcta,2026,MD,Maryland,"Baltimore-Columbia-Towson, MD MSA",21114,0
metro-zcta,2026,MD,Maryland,"Baltimore-Columbia-Towson, MD MSA",21122,0
metro-zcta,2026,MD,Maryland,"Baltimore-Columbia-Towson, MD MSA",21131,0
metro-zcta,2026,MD,Maryland,"Baltimore-Columbia-Towson, MD MSA",21140,0
metro-zcta,2026,MD,Maryland,"Baltimore-Columbia-Towson, MD MSA",21146,0
metro-zcta,2026,MD,Maryland,"Baltimore-Columbia-Towson, MD MSA",21401,0
metro-zcta,2026,MD,Maryland,"Baltimore-Columbia-Towson, MD MSA",21402,0
metro-zcta,2026,MD,Maryland,"Baltimore-Columbia-Towson, MD MSA",21405,0
metro-zcta,2026,MD,Maryland,"Baltimore-Columbia-Towson, MD MSA",21409,0
metro-zcta,2026,MD,Maryland,"Baltimore-Columbia-Towson, MD MSA",21666,0
metro-zcta,2026,MD,Maryland,"Baltimore-Columbia-Towson, MD MSA",21723,0
metro-zcta,2026,MD,Maryland,"Baltimore-Columbia-Towson, MD MSA",21737,0
metro-zcta,2026,MD,Maryland,"Baltimore-Columbia-Towson, MD MSA",21738,0
metro-zcta,2026,MD,Maryland,"Baltimore-Columbia-Towson, MD MSA",21794,0
metro-zcta,2026,MD,Maryland,"Calvert County, MD HMFA",20688,0
metro-zcta,2026,MD,Maryland,"Salisbury, MD HMFA",21826,0
metro-zcta,2026,MD,Maryland,"Washington-Arlington-Alexandria, DC-VA-MD HMFA",20637,0
metro-zcta,2026,MD,Maryland,"Washington-Arlington-Alexandria, DC-VA-MD HMFA",20720,0
metro-zcta,2026,MD,Maryland,"Washington-Arlington-Alexandria, DC-VA-MD HMFA",20721,0
metro-zcta,2026,MD,Maryland,"Washington-Arlington-Alexandria, DC-VA-MD HMFA",20762,0
metro-zcta,2026,MD,Maryland,"Washington-Arlington-Alexandria, DC-VA-MD HMFA",20769,0
metro-zcta,2026,MD,Maryland,"Washington-Arlington-Alexandria, DC-VA-MD HMFA",20812,0
metro-zcta,2026,MD,Maryland,"Washington-Arlington-Alexandria, DC-VA-MD HMFA",20816,0
metro-zcta,2026,MD,Maryland,"Washington-Arlington-Alexandria, DC-VA-MD HMFA",20817,0
metro-zcta,2026,MD,Maryland,"Washington-Arlington-Alexandria, DC-VA-MD HMFA",20818,0
metro-zcta,2026,MD,Maryland,"Washington-Arlington-Alexandria, DC-VA-MD HMFA",20841,0
metro-zcta,2026,MD,Maryland,"Washington-Arlington-Alexandria, DC-VA-MD HMFA",20854,0
metro-zcta,2026,MA,Massachusetts,"Amherst Town-Northampton, MA MSA",01053,0
metro-zcta,2026,MA,Massachusetts,"Barnstable Town, MA MSA",02537,0
metro-zcta,2026,MA,Massachusetts,"Barnstable Town, MA MSA",02542,0
metro-zcta,2026,MA,Massachusetts,"Barnstable Town, MA MSA",02563,0
metro-zcta,2026,MA,Massachusetts,"Barnstable Town, MA MSA",02630,0
metro-zcta,2026,MA,Massachusetts,"Barnstable Town, MA MSA",02632,0
metro-zcta,2026,MA,Massachusetts,"Barnstable Town, MA MSA",02637,0
metro-zcta,2026,MA,Massachusetts,"Barnstable Town, MA MSA",02645,0
metro-zcta,2026,MA,Massachusetts,"Barnstable Town, MA MSA",02648,0
metro-zcta,2026,MA,Massachusetts,"Barnstable Town, MA MSA",02668,0
metro-zcta,2026,MA,Massachusetts,"Barnstable Town, MA MSA",02672,0
metro-zcta,2026,MA,Massachusetts,"Barnstable Town, MA MSA",02675,0
metro-zcta,2026,MA,Massachusetts,"Berkshire County, MA (part) HMFA",01223,1
metro-zcta,2026,MA,Massachusetts,"Berkshire County, MA (part) HMFA",01266,0
metro-zcta,2026,MA,Massachusetts,"Boston-Cambridge-Quincy, MA-NH HMFA",01721,0
metro-zcta,2026,MA,Massachusetts,"Boston-Cambridge-Quincy, MA-NH HMFA",01730,0
metro-zcta,2026,MA,Massachusetts,"Boston-Cambridge-Quincy, MA-NH HMFA",01731,0
metro-zcta,2026,MA,Massachusetts,"Boston-Cambridge-Quincy, MA-NH HMFA",01742,0
metro-zcta,2026,MA,Massachusetts,"Boston-Cambridge-Quincy, MA-NH HMFA",01803,0
metro-zcta,2026,MA,Massachusetts,"Boston-Cambridge-Quincy, MA-NH HMFA",01887,0
metro-zcta,2026,MA,Massachusetts,"Boston-Cambridge-Quincy, MA-NH HMFA",01890,0
metro-zcta,2026,MA,Massachusetts,"Boston-Cambridge-Quincy, MA-NH HMFA",01907,0
metro-zcta,2026,MA,Massachusetts,"Boston-Cambridge-Quincy, MA-NH HMFA",02030,0
metro-zcta,2026,MA,Massachusetts,"Boston-Cambridge-Quincy, MA-NH HMFA",02067,0
metro-zcta,2026,MA,Massachusetts,"Boston-Cambridge-Quincy, MA-NH HMFA",02108,0
metro-zcta,2026,MA,Massachusetts,"Boston-Cambridge-Quincy, MA-NH HMFA",02109,0
metro-zcta,2026,MA,Massachusetts,"Boston-Cambridge-Quincy, MA-NH HMFA",02110,0
metro-zcta,2026,MA,Massachusetts,"Boston-Cambridge-Quincy, MA-NH HMFA",02111,0
metro-zcta,2026,MA,Massachusetts,"Boston-Cambridge-Quincy, MA-NH HMFA",02113,0
metro-zcta,2026,MA,Massachusetts,"Boston-Cambridge-Quincy, MA-NH HMFA",02114,0
metro-zcta,2026,MA,Massachusetts,"Boston-Cambridge-Quincy, MA-NH HMFA",02115,0
metro-zcta,2026,MA,Massachusetts,"Boston-Cambridge-Quincy, MA-NH HMFA",02116,0
metro-zcta,2026,MA,Massachusetts,"Boston-Cambridge-Quincy, MA-NH HMFA",02127,0
metro-zcta,2026,MA,Massachusetts,"Boston-Cambridge-Quincy, MA-NH HMFA",02129,0
metro-zcta,2026,MA,Massachusetts,"Boston-Cambridge-Quincy, MA-NH HMFA",02130,0
metro-zcta,2026,MA,Massachusetts,"Boston-Cambridge-Quincy, MA-NH HMFA",02134,0
metro-zcta,2026,MA,Massachusetts,"Boston-Cambridge-Quincy, MA-NH HMFA",02135,0
metro-zcta,2026,MA,Massachusetts,"Boston-Cambridge-Quincy, MA-NH HMFA",02138,0
metro-zcta,2026,MA,Massachusetts,"Boston-Cambridge-Quincy, MA-NH HMFA",02139,0
metro-zcta,2026,MA,Massachusetts,"Boston-Cambridge-Quincy, MA-NH HMFA",02140,0
metro-zcta,2026,MA,Massachusetts,"Boston-Cambridge-Quincy, MA-NH HMFA",02141,0
metro-zcta,2026,MA,Massachusetts,"Boston-Cambridge-Quincy, MA-NH HMFA",02142,0
metro-zcta,2026,MA,Massachusetts,"Boston-Cambridge-Quincy, MA-NH HMFA",02143,0
metro-zcta,2026,MA,Massachusetts,"Boston-Cambridge-Quincy, MA-NH HMFA",02144,0
metro-zcta,2026,MA,Massachusetts,"Boston-Cambridge-Quincy, MA-NH HMFA",02145,0
metro-zcta,2026,MA,Massachusetts,"Boston-Cambridge-Quincy, MA-NH HMFA",02155,0
metro-zcta,2026,MA,Massachusetts,"Boston-Cambridge-Quincy, MA-NH HMFA",02163,0
metro-zcta,2026,MA,Massachusetts,"Boston-Cambridge-Quincy, MA-NH HMFA",02199,0
metro-zcta,2026,MA,Massachusetts,"Boston-Cambridge-Quincy, MA-NH HMFA",02210,0
metro-zcta,2026,MA,Massachusetts,"Boston-Cambridge-Quincy, MA-NH HMFA",02215,0
metro-zcta,2026,MA,Massachusetts,"Boston-Cambridge-Quincy, MA-NH HMFA",02420,0
metro-zcta,2026,MA,Massachusetts,"Boston-Cambridge-Quincy, MA-NH HMFA",02421,0
metro-zcta,2026,MA,Massachusetts,"Boston-Cambridge-Quincy, MA-NH HMFA",02445,0
metro-zcta,2026,MA,Massachusetts,"Boston-Cambridge-Quincy, MA-NH HMFA",02446,0
metro-zcta,2026,MA,Massachusetts,"Boston-Cambridge-Quincy, MA-NH HMFA",02451,0
metro-zcta,2026,MA,Massachusetts,"Boston-Cambridge-Quincy, MA-NH HMFA",02452,0
metro-zcta,2026,MA,Massachusetts,"Boston-Cambridge-Quincy, MA-NH HMFA",02457,0
metro-zcta,2026,MA,Massachusetts,"Boston-Cambridge-Quincy, MA-NH HMFA",02459,0
metro-zcta,2026,MA,Massachusetts,"Boston-Cambridge-Quincy, MA-NH HMFA",02460,0
metro-zcta,2026,MA,Massachusetts,"Boston-Cambridge-Quincy, MA-NH HMFA",02461,0
metro-zcta,2026,MA,Massachusetts,"Boston-Cambridge-Quincy, MA-NH HMFA",02464,0
metro-zcta,2026,MA,Massachusetts,"Boston-Cambridge-Quincy, MA-NH HMFA",02466,0
metro-zcta,2026,MA,Massachusetts,"Boston-Cambridge-Quincy, MA-NH HMFA",02467,0
metro-zcta,2026,MA,Massachusetts,"Boston-Cambridge-Quincy, MA-NH HMFA",02468,0
metro-zcta,2026,MA,Massachusetts,"Boston-Cambridge-Quincy, MA-NH HMFA",02478,0
metro-zcta,2026,MA,Massachusetts,"Boston-Cambridge-Quincy, MA-NH HMFA",02481,0
metro-zcta,2026,MA,Massachusetts,"Boston-Cambridge-Quincy, MA-NH HMFA",02482,0
metro-zcta,2026,MA,Massachusetts,"Boston-Cambridge-Quincy, MA-NH HMFA",02492,0
metro-zcta,2026,MA,Massachusetts,"Brockton, MA HMFA",02324,0
metro-zcta,2026,MA,Massachusetts,"Brockton, MA HMFA",02338,0
metro-zcta,2026,MA,Massachusetts,"Brockton, MA HMFA",02341,0
metro-zcta,2026,MA,Massachusetts,"Brockton, MA HMFA",02379,0
metro-zcta,2026,MA,Massachusetts,"Fitchburg-Leominster, MA HMFA",01430,0
metro-zcta,2026,MA,Massachusetts,"Fitchburg-Leominster, MA HMFA",01462,0
metro-zcta,2026,MA,Massachusetts,"Lawrence, MA-NH HMFA",01833,0
metro-zcta,2026,MA,Massachusetts,"Lawrence, MA-NH HMFA",01845,0
metro-zcta,2026,MA,Massachusetts,"Lawrence, MA-NH HMFA",01985,0
metro-zcta,2026,MA,Massachusetts,"Lowell, MA HMFA",01821,0
metro-zcta,2026,MA,Massachusetts,"Lowell, MA HMFA",01824,0
metro-zcta,2026,MA,Massachusetts,"Lowell, MA HMFA",01827,0
metro-zcta,2026,MA,Massachusetts,"Lowell, MA HMFA",01876,1
metro-zcta,2026,MA,Massachusetts,"Lowell, MA HMFA",01886,0
metro-zcta,2026,MA,Massachusetts,"New Bedford, MA HMFA",02717,1
metro-zcta,2026,MA,Massachusetts,"Providence-Fall River, RI-MA HMFA",02771,0
metro-zcta,2026,MA,Massachusetts,"Springfield, MA MSA",01106,0
metro-zcta,2026,MA,Massachusetts,"Taunton-Mansfield-Norton, MA HMFA",02766,0
metro-zcta,2026,MA,Massachusetts,"Worcester, MA HMFA",01519,0
metro-zcta,2026,MA,Massachusetts,"Worcester, MA HMFA",01532,0
metro-zcta,2026,MA,Massachusetts,"Worcester, MA HMFA",01545,0
metro-zcta,2026,MA,Massachusetts,"Worcester, MA HMFA",01581,0
metro-zcta,2026,MI,Michigan,"Detroit-Warren-Livonia, MI HMFA",48009,0
metro-zcta,2026,MI,Michigan,"Detroit-Warren-Livonia, MI HMFA",48025,0
metro-zcta,2026,MI,Michigan,"Detroit-Warren-Livonia, MI HMFA",48069,0
metro-zcta,2026,MI,Michigan,"Detroit-Warren-Livonia, MI HMFA",48070,0
metro-zcta,2026,MI,Michigan,"Detroit-Warren-Livonia, MI HMFA",48084,0
metro-zcta,2026,MI,Michigan,"Detroit-Warren-Livonia, MI HMFA",48085,0
metro-zcta,2026,MI,Michigan,"Detroit-Warren-Livonia, MI HMFA",48098,0
metro-zcta,2026,MI,Michigan,"Detroit-Warren-Livonia, MI HMFA",48128,0
metro-zcta,2026,MI,Michigan,"Detroit-Warren-Livonia, MI HMFA",48188,0
metro-zcta,2026,MI,Michigan,"Detroit-Warren-Livonia, MI HMFA",48226,0
metro-zcta,2026,MI,Michigan,"Detroit-Warren-Livonia, MI HMFA",48301,0
metro-zcta,2026,MI,Michigan,"Detroit-Warren-Livonia, MI HMFA",48304,0
metro-zcta,2026,MI,Michigan,"Detroit-Warren-Livonia, MI HMFA",48322,0
metro-zcta,2026,MI,Michigan,"Detroit-Warren-Livonia, MI HMFA",48331,0
metro-zcta,2026,MI,Michigan,"Detroit-Warren-Livonia, MI HMFA",48374,0
metro-zcta,2026,MI,Michigan,"Detroit-Warren-Livonia, MI HMFA",48375,0
metro-zcta,2026,MI,Michigan,"Detroit-Warren-Livonia, MI HMFA",48380,1
metro-zcta,2026,MI,Michigan,"Detroit-Warren-Livonia, MI HMFA",48382,0
metro-zcta,2026,MI,Michigan,"Grand Rapids-Wyoming, MI HMFA",49301,0
metro-zcta,2026,MI,Michigan,"Monroe, MI MSA",48164,1
metro-zcta,2026,MI,Michigan,"Monroe, MI MSA",48191,1
metro-zcta,2026,MN,Minnesota,"Duluth, MN-WI MSA",55779,0
metro-zcta,2026,MN,Minnesota,"Minneapolis-St. Paul-Bloomington, MN-WI HMFA",55017,0
metro-zcta,2026,MN,Minnesota,"Minneapolis-St. Paul-Bloomington, MN-WI HMFA",55047,0
metro-zcta,2026,MN,Minnesota,"Minneapolis-St. Paul-Bloomington, MN-WI HMFA",55386,0
metro-zcta,2026,MN,Minnesota,"Minneapolis-St. Paul-Bloomington, MN-WI HMFA",55401,0
metro-zcta,2026,MN,Minnesota,"Minneapolis-St. Paul-Bloomington, MN-WI HMFA",55415,0
metro-zcta,2026,MN,Minnesota,"Minneapolis-St. Paul-Bloomington, MN-WI HMFA",55445,0
metro-zcta,2026,MS,Mississippi,"Holmes County, MS HMFA",38924,0
metro-zcta,2026,MS,Mississippi,"Jackson, MS HMFA",39047,0
metro-zcta,2026,MS,Mississippi,"Jackson, MS HMFA",39110,0
metro-zcta,2026,MS,Mississippi,"Marshall County, MS HMFA",38611,1
metro-zcta,2026,MS,Mississippi,"Marshall County, MS HMFA",38654,1
metro-zcta,2026,MS,Mississippi,"Memphis, TN-MS-AR HMFA",38654,1
metro-zcta,2026,MS,Mississippi,"Memphis, TN-MS-AR HMFA",38672,0
metro-zcta,2026,MO,Missouri,"Kansas City, MO-KS HMFA",64157,0
metro-zcta,2026,MO,Missouri,"St. Joseph, MO-KS MSA",64436,0
metro-zcta,2026,MO,Missouri,"St. Louis, MO-IL HMFA",63131,0
metro-zcta,2026,MT,Montana,"Billings, MT HMFA",59079,0
metro-zcta,2026,MT,Montana,"Bozeman, MT MSA",59716,0
metro-zcta,2026,MT,Montana,"Bozeman, MT MSA",59730,0
metro-zcta,2026,MT,Montana,"Broadwater County, MT HMFA",59752,1
metro-zcta,2026,MT,Montana,"Lewis and Clark County, MT HMFA",59602,0
metro-zcta,2026,MT,Montana,"Lewis and Clark County, MT HMFA",59640,0
metro-zcta,2026,MT,Montana,"Missoula, MT HMFA",59804,0
metro-zcta,2026,MT,Montana,"Missoula, MT HMFA",59834,0
metro-zcta,2026,MT,Montana,"Stillwater County, MT HMFA",59069,0
metro-zcta,2026,NV,Nevada,"Las Vegas-Henderson-North Las Vegas, NV MSA",89002,0
metro-zcta,2026,NV,Nevada,"Las Vegas-Henderson-North Las Vegas, NV MSA",89004,0
metro-zcta,2026,NV,Nevada,"Las Vegas-Henderson-North Las Vegas, NV MSA",89011,0
metro-zcta,2026,NV,Nevada,"Las Vegas-Henderson-North Las Vegas, NV MSA",89012,0
metro-zcta,2026,NV,Nevada,"Las Vegas-Henderson-North Las Vegas, NV MSA",89014,0
metro-zcta,2026,NV,Nevada,"Las Vegas-Henderson-North Las Vegas, NV MSA",89034,0
metro-zcta,2026,NV,Nevada,"Las Vegas-Henderson-North Las Vegas, NV MSA",89044,0
metro-zcta,2026,NV,Nevada,"Las Vegas-Henderson-North Las Vegas, NV MSA",89052,0
metro-zcta,2026,NV,Nevada,"Las Vegas-Henderson-North Las Vegas, NV MSA",89074,0
metro-zcta,2026,NV,Nevada,"Las Vegas-Henderson-North Las Vegas, NV MSA",89081,0
metro-zcta,2026,NV,Nevada,"Las Vegas-Henderson-North Las Vegas, NV MSA",89084,0
metro-zcta,2026,NV,Nevada,"Las Vegas-Henderson-North Las Vegas, NV MSA",89085,0
metro-zcta,2026,NV,Nevada,"Las Vegas-Henderson-North Las Vegas, NV MSA",89113,0
metro-zcta,2026,NV,Nevada,"Las Vegas-Henderson-North Las Vegas, NV MSA",89117,0
metro-zcta,2026,NV,Nevada,"Las Vegas-Henderson-North Las Vegas, NV MSA",89123,0
metro-zcta,2026,NV,Nevada,"Las Vegas-Henderson-North Las Vegas, NV MSA",89129,0
metro-zcta,2026,NV,Nevada,"Las Vegas-Henderson-North Las Vegas, NV MSA",89130,0
metro-zcta,2026,NV,Nevada,"Las Vegas-Henderson-North Las Vegas, NV MSA",89134,0
metro-zcta,2026,NV,Nevada,"Las Vegas-Henderson-North Las Vegas, NV MSA",89135,0
metro-zcta,2026,NV,Nevada,"Las Vegas-Henderson-North Las Vegas, NV MSA",89138,0
metro-zcta,2026,NV,Nevada,"Las Vegas-Henderson-North Las Vegas, NV MSA",89139,0
metro-zcta,2026,NV,Nevada,"Las Vegas-Henderson-North Las Vegas, NV MSA",89141,0
metro-zcta,2026,NV,Nevada,"Las Vegas-Henderson-North Las Vegas, NV MSA",89143,0
metro-zcta,2026,NV,Nevada,"Las Vegas-Henderson-North Las Vegas, NV MSA",89144,0
metro-zcta,2026,NV,Nevada,"Las Vegas-Henderson-North Las Vegas, NV MSA",89147,0
metro-zcta,2026,NV,Nevada,"Las Vegas-Henderson-North Las Vegas, NV MSA",89148,0
metro-zcta,2026,NV,Nevada,"Las Vegas-Henderson-North Las Vegas, NV MSA",89158,0
metro-zcta,2026,NV,Nevada,"Las Vegas-Henderson-North Las Vegas, NV MSA",89161,0
metro-zcta,2026,NV,Nevada,"Las Vegas-Henderson-North Las Vegas, NV MSA",89166,0
metro-zcta,2026,NV,Nevada,"Las Vegas-Henderson-North Las Vegas, NV MSA",89178,0
metro-zcta,2026,NV,Nevada,"Las Vegas-Henderson-North Las Vegas, NV MSA",89179,0
metro-zcta,2026,NV,Nevada,"Las Vegas-Henderson-North Las Vegas, NV MSA",89183,0
metro-zcta,2026,NV,Nevada,"Reno, NV HMFA",89402,0
metro-zcta,2026,NV,Nevada,"Reno, NV HMFA",89436,0
metro-zcta,2026,NV,Nevada,"Reno, NV HMFA",89440,0
metro-zcta,2026,NV,Nevada,"Reno, NV HMFA",89441,0
metro-zcta,2026,NV,Nevada,"Reno, NV HMFA",89451,0
metro-zcta,2026,NV,Nevada,"Reno, NV HMFA",89508,0
metro-zcta,2026,NV,Nevada,"Reno, NV HMFA",89511,0
metro-zcta,2026,NV,Nevada,"Reno, NV HMFA",89519,0
metro-zcta,2026,NV,Nevada,"Reno, NV HMFA",89521,0
metro-zcta,2026,NH,New Hampshire,"Hillsborough County, NH (part) HMFA",03082,0
metro-zcta,2026,NH,New Hampshire,"Lawrence, MA-NH HMFA",03087,0
metro-zcta,2026,NH,New Hampshire,"Manchester, NH HMFA",03101,0
metro-zcta,2026,NH,New Hampshire,"Manchester, NH HMFA",03110,0
metro-zcta,2026,NH,New Hampshire,"Nashua, NH HMFA",03033,0
metro-zcta,2026,NH,New Hampshire,"Portsmouth-Rochester, NH HMFA",03840,0
metro-zcta,2026,NH,New Hampshire,"Portsmouth-Rochester, NH HMFA",03854,0
metro-zcta,2026,NH,New Hampshire,"Portsmouth-Rochester, NH HMFA",03856,0
metro-zcta,2026,NH,New Hampshire,"Portsmouth-Rochester, NH HMFA",03885,0
metro-zcta,2026,NH,New Hampshire,"Western Rockingham County, NH HMFA",03032,0
metro-zcta,2026,NJ,New Jersey,"Atlantic City-Hammonton, NJ HMFA",08201,0
metro-zcta,2026,NJ,New Jersey,"Atlantic City-Hammonton, NJ HMFA",08205,0
metro-zcta,2026,NJ,New Jersey,"Atlantic City-Hammonton, NJ HMFA",08215,1
metro-zcta,2026,NJ,New Jersey,"Atlantic City-Hammonton, NJ HMFA",08221,0
metro-zcta,2026,NJ,New Jersey,"Atlantic City-Hammonton, NJ HMFA",08225,0
metro-zcta,2026,NJ,New Jersey,"Atlantic City-Hammonton, NJ HMFA",08234,0
metro-zcta,2026,NJ,New Jersey,"Atlantic City-Hammonton, NJ HMFA",08240,0
metro-zcta,2026,NJ,New Jersey,"Atlantic City-Hammonton, NJ HMFA",08241,0
metro-zcta,2026,NJ,New Jersey,"Atlantic City-Hammonton, NJ HMFA",08317,0
metro-zcta,2026,NJ,New Jersey,"Atlantic City-Hammonton, NJ HMFA",08326,0
metro-zcta,2026,NJ,New Jersey,"Atlantic City-Hammonton, NJ HMFA",08330,0
metro-zcta,2026,NJ,New Jersey,"Atlantic City-Hammonton, NJ HMFA",08344,1
metro-zcta,2026,NJ,New Jersey,"Atlantic City-Hammonton, NJ HMFA",08346,0
metro-zcta,2026,NJ,New Jersey,"Atlantic City-Hammonton, NJ HMFA",08402,0
metro-zcta,2026,NJ,New Jersey,"Atlantic City-Hammonton, NJ HMFA",08403,0
metro-zcta,2026,NJ,New Jersey,"Atlantic City-Hammonton, NJ HMFA",08406,0
metro-zcta,2026,NJ,New Jersey,"Bergen-Passaic, NJ HMFA",07020,0
metro-zcta,2026,NJ,New Jersey,"Bergen-Passaic, NJ HMFA",07024,0
metro-zcta,2026,NJ,New Jersey,"Bergen-Passaic, NJ HMFA",07043,1
metro-zcta,2026,NJ,New Jersey,"Bergen-Passaic, NJ HMFA",07401,0
metro-zcta,2026,NJ,New Jersey,"Bergen-Passaic, NJ HMFA",07417,0
metro-zcta,2026,NJ,New Jersey,"Bergen-Passaic, NJ HMFA",07421,1
metro-zcta,2026,NJ,New Jersey,"Bergen-Passaic, NJ HMFA",07423,0
metro-zcta,2026,NJ,New Jersey,"Bergen-Passaic, NJ HMFA",07430,0
metro-zcta,2026,NJ,New Jersey,"Bergen-Passaic, NJ HMFA",07450,0
metro-zcta,2026,NJ,New Jersey,"Bergen-Passaic, NJ HMFA",07456,0
metro-zcta,2026,NJ,New Jersey,"Bergen-Passaic, NJ HMFA",07458,0
metro-zcta,2026,NJ,New Jersey,"Bergen-Passaic, NJ HMFA",07465,0
metro-zcta,2026,NJ,New Jersey,"Bergen-Passaic, NJ HMFA",07481,0
metro-zcta,2026,NJ,New Jersey,"Bergen-Passaic, NJ HMFA",07620,0
metro-zcta,2026,NJ,New Jersey,"Bergen-Passaic, NJ HMFA",07624,0
metro-zcta,2026,NJ,New Jersey,"Bergen-Passaic, NJ HMFA",07626,0
metro-zcta,2026,NJ,New Jersey,"Bergen-Passaic, NJ HMFA",07627,0
metro-zcta,2026,NJ,New Jersey,"Bergen-Passaic, NJ HMFA",07630,0
metro-zcta,2026,NJ,New Jersey,"Bergen-Passaic, NJ HMFA",07632,0
metro-zcta,2026,NJ,New Jersey,"Bergen-Passaic, NJ HMFA",07640,0
metro-zcta,2026,NJ,New Jersey,"Bergen-Passaic, NJ HMFA",07648,0
metro-zcta,2026,NJ,New Jersey,"Bergen-Passaic, NJ HMFA",07652,0
metro-zcta,2026,NJ,New Jersey,"Bergen-Passaic, NJ HMFA",07670,0
metro-zcta,2026,NJ,New Jersey,"Bergen-Passaic, NJ HMFA",07675,0
metro-zcta,2026,NJ,New Jersey,"Bergen-Passaic, NJ HMFA",07676,0
metro-zcta,2026,NJ,New Jersey,"Jersey City, NJ HMFA",07030,0
metro-zcta,2026,NJ,New Jersey,"Jersey City, NJ HMFA",07086,0
metro-zcta,2026,NJ,New Jersey,"Jersey City, NJ HMFA",07094,0
metro-zcta,2026,NJ,New Jersey,"Jersey City, NJ HMFA",07302,0
metro-zcta,2026,NJ,New Jersey,"Jersey City, NJ HMFA",07310,0
metro-zcta,2026,NJ,New Jersey,"Jersey City, NJ HMFA",07311,0
metro-zcta,2026,NJ,New Jersey,"Middlesex-Somerset-Hunterdon, NJ HMFA",07069,0
metro-zcta,2026,NJ,New Jersey,"Middlesex-Somerset-Hunterdon, NJ HMFA",07920,1
metro-zcta,2026,NJ,New Jersey,"Middlesex-Somerset-Hunterdon, NJ HMFA",07939,0
metro-zcta,2026,NJ,New Jersey,"Middlesex-Somerset-Hunterdon, NJ HMFA",08502,0
metro-zcta,2026,NJ,New Jersey,"Middlesex-Somerset-Hunterdon, NJ HMFA",08551,0
metro-zcta,2026,NJ,New Jersey,"Monmouth-Ocean, NJ HMFA",07702,0
metro-zcta,2026,NJ,New Jersey,"Monmouth-Ocean, NJ HMFA",07722,0
metro-zcta,2026,NJ,New Jersey,"Monmouth-Ocean, NJ HMFA",07733,0
metro-zcta,2026,NJ,New Jersey,"Monmouth-Ocean, NJ HMFA",07739,0
metro-zcta,2026,NJ,New Jersey,"Monmouth-Ocean, NJ HMFA",07746,0
metro-zcta,2026,NJ,New Jersey,"Monmouth-Ocean, NJ HMFA",07750,0
metro-zcta,2026,NJ,New Jersey,"Monmouth-Ocean, NJ HMFA",07751,0
metro-zcta,2026,NJ,New Jersey,"Monmouth-Ocean, NJ HMFA",07755,0
metro-zcta,2026,NJ,New Jersey,"Monmouth-Ocean, NJ HMFA",07757,0
metro-zcta,2026,NJ,New Jersey,"Monmouth-Ocean, NJ HMFA",08535,0
metro-zcta,2026,NJ,New Jersey,"Monmouth-Ocean, NJ HMFA",08555,0
metro-zcta,2026,NJ,New Jersey,"Monmouth-Ocean, NJ HMFA",08691,1
metro-zcta,2026,NJ,New Jersey,"Monmouth-Ocean, NJ HMFA",08730,0
metro-zcta,2026,NJ,New Jersey,"Newark, NJ HMFA",07004,0
metro-zcta,2026,NJ,New Jersey,"Newark, NJ HMFA",07006,0
metro-zcta,2026,NJ,New Jersey,"Newark, NJ HMFA",07016,0
metro-zcta,2026,NJ,New Jersey,"Newark, NJ HMFA",07021,0
metro-zcta,2026,NJ,New Jersey,"Newark, NJ HMFA",07023,0
metro-zcta,2026,NJ,New Jersey,"Newark, NJ HMFA",07028,0
metro-zcta,2026,NJ,New Jersey,"Newark, NJ HMFA",07033,0
metro-zcta,2026,NJ,New Jersey,"Newark, NJ HMFA",07039,0
metro-zcta,2026,NJ,New Jersey,"Newark, NJ HMFA",07040,0
metro-zcta,2026,NJ,New Jersey,"Newark, NJ HMFA",07041,0
metro-zcta,2026,NJ,New Jersey,"Newark, NJ HMFA",07042,0
metro-zcta,2026,NJ,New Jersey,"Newark, NJ HMFA",07043,1
metro-zcta,2026,NJ,New Jersey,"Newark, NJ HMFA",07044,0
metro-zcta,2026,NJ,New Jersey,"Newark, NJ HMFA",07045,0
metro-zcta,2026,NJ,New Jersey,"Newark, NJ HMFA",07052,0
metro-zcta,2026,NJ,New Jersey,"Newark, NJ HMFA",07058,0
metro-zcta,2026,NJ,New Jersey,"Newark, NJ HMFA",07068,0
metro-zcta,2026,NJ,New Jersey,"Newark, NJ HMFA",07076,0
metro-zcta,2026,NJ,New Jersey,"Newark, NJ HMFA",07078,0
metro-zcta,2026,NJ,New Jersey,"Newark, NJ HMFA",07079,0
metro-zcta,2026,NJ,New Jersey,"Newark, NJ HMFA",07081,0
metro-zcta,2026,NJ,New Jersey,"Newark, NJ HMFA",07082,0
metro-zcta,2026,NJ,New Jersey,"Newark, NJ HMFA",07083,0
metro-zcta,2026,NJ,New Jersey,"Newark, NJ HMFA",07088,0
metro-zcta,2026,NJ,New Jersey,"Newark, NJ HMFA",07090,0
metro-zcta,2026,NJ,New Jersey,"Newark, NJ HMFA",07092,0
metro-zcta,2026,NJ,New Jersey,"Newark, NJ HMFA",07444,0
metro-zcta,2026,NJ,New Jersey,"Newark, NJ HMFA",07457,0
metro-zcta,2026,NJ,New Jersey,"Newark, NJ HMFA",07460,1
metro-zcta,2026,NJ,New Jersey,"Newark, NJ HMFA",07803,0
metro-zcta,2026,NJ,New Jersey,"Newark, NJ HMFA",07836,0
metro-zcta,2026,NJ,New Jersey,"Newark, NJ HMFA",07847,0
metro-zcta,2026,NJ,New Jersey,"Newark, NJ HMFA",07856,0
metro-zcta,2026,NJ,New Jersey,"Newark, NJ HMFA",07865,1
metro-zcta,2026,NJ,New Jersey,"Newark, NJ HMFA",07871,0
metro-zcta,2026,NJ,New Jersey,"Newark, NJ HMFA",07874,1
metro-zcta,2026,NJ,New Jersey,"Newark, NJ HMFA",07876,0
metro-zcta,2026,NJ,New Jersey,"Newark, NJ HMFA",07878,0
metro-zcta,2026,NJ,New Jersey,"Newark, NJ HMFA",07885,0
metro-zcta,2026,NJ,New Jersey,"Newark, NJ HMFA",07901,0
metro-zcta,2026,NJ,New Jersey,"Newark, NJ HMFA",07920,1
metro-zcta,2026,NJ,New Jersey,"Newark, NJ HMFA",07922,0
metro-zcta,2026,NJ,New Jersey,"Newark, NJ HMFA",07926,0
metro-zcta,2026,NJ,New Jersey,"Newark, NJ HMFA",07927,0
metro-zcta,2026,NJ,New Jersey,"Newark, NJ HMFA",07928,0
metro-zcta,2026,NJ,New Jersey,"Newark, NJ HMFA",07930,0
metro-zcta,2026,NJ,New Jersey,"Newark, NJ HMFA",07931,1
metro-zcta,2026,NJ,New Jersey,"Newark, NJ HMFA",07932,0
metro-zcta,2026,NJ,New Jersey,"Newark, NJ HMFA",07933,0
metro-zcta,2026,NJ,New Jersey,"Newark, NJ HMFA",07935,0
metro-zcta,2026,NJ,New Jersey,"Newark, NJ HMFA",07936,0
metro-zcta,2026,NJ,New Jersey,"Newark, NJ HMFA",07940,0
metro-zcta,2026,NJ,New Jersey,"Newark, NJ HMFA",07945,0
metro-zcta,2026,NJ,New Jersey,"Newark, NJ HMFA",07946,0
metro-zcta,2026,NJ,New Jersey,"Newark, NJ HMFA",07950,0
metro-zcta,2026,NJ,New Jersey,"Newark, NJ HMFA",07960,0
metro-zcta,2026,NJ,New Jersey,"Newark, NJ HMFA",07970,0
metro-zcta,2026,NJ,New Jersey,"Newark, NJ HMFA",07974,0
metro-zcta,2026,NJ,New Jersey,"Newark, NJ HMFA",07976,0
metro-zcta,2026,NJ,New Jersey,"Newark, NJ HMFA",07981,0
metro-zcta,2026,NJ,New Jersey,"Philadelphia-Camden-Wilmington, PA-NJ-DE-MD MSA",08002,0
metro-zcta,2026,NJ,New Jersey,"Philadelphia-Camden-Wilmington, PA-NJ-DE-MD MSA",08003,0
metro-zcta,2026,NJ,New Jersey,"Philadelphia-Camden-Wilmington, PA-NJ-DE-MD MSA",08019,0
metro-zcta,2026,NJ,New Jersey,"Philadelphia-Camden-Wilmington, PA-NJ-DE-MD MSA",08026,0
metro-zcta,2026,NJ,New Jersey,"Philadelphia-Camden-Wilmington, PA-NJ-DE-MD MSA",08042,0
metro-zcta,2026,NJ,New Jersey,"Philadelphia-Camden-Wilmington, PA-NJ-DE-MD MSA",08043,0
metro-zcta,2026,NJ,New Jersey,"Philadelphia-Camden-Wilmington, PA-NJ-DE-MD MSA",08046,0
metro-zcta,2026,NJ,New Jersey,"Philadelphia-Camden-Wilmington, PA-NJ-DE-MD MSA",08053,0
metro-zcta,2026,NJ,New Jersey,"Philadelphia-Camden-Wilmington, PA-NJ-DE-MD MSA",08077,0
metro-zcta,2026,NJ,New Jersey,"Philadelphia-Camden-Wilmington, PA-NJ-DE-MD MSA",08080,0
metro-zcta,2026,NJ,New Jersey,"Philadelphia-Camden-Wilmington, PA-NJ-DE-MD MSA",08085,0
metro-zcta,2026,NJ,New Jersey,"Philadelphia-Camden-Wilmington, PA-NJ-DE-MD MSA",08086,0
metro-zcta,2026,NJ,New Jersey,"Philadelphia-Camden-Wilmington, PA-NJ-DE-MD MSA",08088,0
metro-zcta,2026,NJ,New Jersey,"Philadelphia-Camden-Wilmington, PA-NJ-DE-MD MSA",08343,0
metro-zcta,2026,NJ,New Jersey,"Philadelphia-Camden-Wilmington, PA-NJ-DE-MD MSA",08515,0
metro-zcta,2026,NJ,New Jersey,"Philadelphia-Camden-Wilmington, PA-NJ-DE-MD MSA",08640,0
metro-zcta,2026,NJ,New Jersey,"Philadelphia-Camden-Wilmington, PA-NJ-DE-MD MSA",08641,0
metro-zcta,2026,NJ,New Jersey,"Trenton-Princeton, NJ MSA",08525,1
metro-zcta,2026,NJ,New Jersey,"Trenton-Princeton, NJ MSA",08534,0
metro-zcta,2026,NJ,New Jersey,"Trenton-Princeton, NJ MSA",08540,1
metro-zcta,2026,NJ,New Jersey,"Trenton-Princeton, NJ MSA",08542,0
metro-zcta,2026,NJ,New Jersey,"Trenton-Princeton, NJ MSA",08544,0
metro-zcta,2026,NJ,New Jersey,"Trenton-Princeton, NJ MSA",08550,0
metro-zcta,2026,NJ,New Jersey,"Trenton-Princeton, NJ MSA",08560,1
metro-zcta,2026,NJ,New Jersey,"Trenton-Princeton, NJ MSA",08561,0
metro-zcta,2026,NJ,New Jersey,"Trenton-Princeton, NJ MSA",08648,0
metro-zcta,2026,NJ,New Jersey,"Trenton-Princeton, NJ MSA",08691,1
metro-zcta,2026,NJ,New Jersey,"Vineland, NJ MSA",08318,1
metro-zcta,2026,NJ,New Jersey,"Vineland, NJ MSA",08321,0
metro-zcta,2026,NJ,New Jersey,"Vineland, NJ MSA",08329,0
metro-zcta,2026,NJ,New Jersey,"Vineland, NJ MSA",08340,1
metro-zcta,2026,NJ,New Jersey,"Vineland, NJ MSA",08344,1
metro-zcta,2026,NJ,New Jersey,"Vineland, NJ MSA",08345,0
metro-zcta,2026,NJ,New Jersey,"Vineland, NJ MSA",08349,0
metro-zcta,2026,NJ,New Jersey,"Vineland, NJ MSA",08352,0
metro-zcta,2026,NJ,New Jersey,"Warren County, NJ HMFA",07865,1
metro-zcta,2026,NJ,New Jersey,"Warren County, NJ HMFA",08802,1
metro-zcta,2026,NM,New Mexico,"Albuquerque, NM MSA",87008,0
metro-zcta,2026,NM,New Mexico,"Albuquerque, NM MSA",87043,0
metro-zcta,2026,NM,New Mexico,"Albuquerque, NM MSA",87083,0
metro-zcta,2026,NM,New Mexico,"Albuquerque, NM MSA",87113,0
metro-zcta,2026,NM,New Mexico,"Albuquerque, NM MSA",87116,0
metro-zcta,2026,NM,New Mexico,"Albuquerque, NM MSA",87122,0
metro-zcta,2026,NM,New Mexico,"Albuquerque, NM MSA",87144,0
metro-zcta,2026,NM,New Mexico,"Farmington, NM MSA",87415,0
metro-zcta,2026,NM,New Mexico,"Las Cruces, NM MSA",88002,0
metro-zcta,2026,NM,New Mexico,"Las Cruces, NM MSA",88012,0
metro-zcta,2026,NM,New Mexico,"Santa Fe, NM MSA",87501,0
metro-zcta,2026,NM,New Mexico,"Santa Fe, NM MSA",87508,0
metro-zcta,2026,NM,New Mexico,"Santa Fe, NM MSA",87540,0
metro-zcta,2026,NY,New York,"Albany-Schenectady-Troy, NY MSA",12027,0
metro-zcta,2026,NY,New York,"Buffalo-Cheektowaga, NY MSA",14032,0
metro-zcta,2026,NY,New York,"Buffalo-Cheektowaga, NY MSA",14051,0
metro-zcta,2026,NY,New York,"Buffalo-Cheektowaga, NY MSA",14091,0
metro-zcta,2026,NY,New York,"Kingston, NY MSA",12475,0
metro-zcta,2026,NY,New York,"Kingston, NY MSA",12486,0
metro-zcta,2026,NY,New York,"Kingston, NY MSA",12547,0
metro-zcta,2026,NY,New York,"Kiryas Joel-Poughkeepsie-Newburgh, NY MSA",10917,0
metro-zcta,2026,NY,New York,"Kiryas Joel-Poughkeepsie-Newburgh, NY MSA",10921,0
metro-zcta,2026,NY,New York,"Kiryas Joel-Poughkeepsie-Newburgh, NY MSA",10926,0
metro-zcta,2026,NY,New York,"Kiryas Joel-Poughkeepsie-Newburgh, NY MSA",10930,0
metro-zcta,2026,NY,New York,"Kiryas Joel-Poughkeepsie-Newburgh, NY MSA",10958,0
metro-zcta,2026,NY,New York,"Kiryas Joel-Poughkeepsie-Newburgh, NY MSA",10973,0
metro-zcta,2026,NY,New York,"Kiryas Joel-Poughkeepsie-Newburgh, NY MSA",10996,0
metro-zcta,2026,NY,New York,"Kiryas Joel-Poughkeepsie-Newburgh, NY MSA",12507,0
metro-zcta,2026,NY,New York,"Kiryas Joel-Poughkeepsie-Newburgh, NY MSA",12540,0
metro-zcta,2026,NY,New York,"Kiryas Joel-Poughkeepsie-Newburgh, NY MSA",12577,0
metro-zcta,2026,NY,New York,"Nassau-Suffolk, NY HMFA",11020,0
metro-zcta,2026,NY,New York,"Nassau-Suffolk, NY HMFA",11040,1
metro-zcta,2026,NY,New York,"Nassau-Suffolk, NY HMFA",11509,0
metro-zcta,2026,NY,New York,"Nassau-Suffolk, NY HMFA",11530,0
metro-zcta,2026,NY,New York,"Nassau-Suffolk, NY HMFA",11548,0
metro-zcta,2026,NY,New York,"Nassau-Suffolk, NY HMFA",11554,0
metro-zcta,2026,NY,New York,"Nassau-Suffolk, NY HMFA",11566,0
metro-zcta,2026,NY,New York,"Nassau-Suffolk, NY HMFA",11713,0
metro-zcta,2026,NY,New York,"Nassau-Suffolk, NY HMFA",11721,0
metro-zcta,2026,NY,New York,"Nassau-Suffolk, NY HMFA",11724,0
metro-zcta,2026,NY,New York,"Nassau-Suffolk, NY HMFA",11732,0
metro-zcta,2026,NY,New York,"Nassau-Suffolk, NY HMFA",11738,0
metro-zcta,2026,NY,New York,"Nassau-Suffolk, NY HMFA",11747,0
metro-zcta,2026,NY,New York,"Nassau-Suffolk, NY HMFA",11762,0
metro-zcta,2026,NY,New York,"Nassau-Suffolk, NY HMFA",11766,0
metro-zcta,2026,NY,New York,"Nassau-Suffolk, NY HMFA",11783,0
metro-zcta,2026,NY,New York,"Nassau-Suffolk, NY HMFA",11786,0
metro-zcta,2026,NY,New York,"Nassau-Suffolk, NY HMFA",11790,0
metro-zcta,2026,NY,New York,"Nassau-Suffolk, NY HMFA",11791,0
metro-zcta,2026,NY,New York,"Nassau-Suffolk, NY HMFA",11792,0
metro-zcta,2026,NY,New York,"Nassau-Suffolk, NY HMFA",11794,0
metro-zcta,2026,NY,New York,"Nassau-Suffolk, NY HMFA",11797,0
metro-zcta,2026,NY,New York,"Nassau-Suffolk, NY HMFA",11801,0
metro-zcta,2026,NY,New York,"Nassau-Suffolk, NY HMFA",11803,0
metro-zcta,2026,NY,New York,"Nassau-Suffolk, NY HMFA",11930,0
metro-zcta,2026,NY,New York,"Nassau-Suffolk, NY HMFA",11937,0
metro-zcta,2026,NY,New York,"Nassau-Suffolk, NY HMFA",11954,0
metro-zcta,2026,NY,New York,"Nassau-Suffolk, NY HMFA",11963,0
metro-zcta,2026,NY,New York,"Nassau-Suffolk, NY HMFA",11964,0
metro-zcta,2026,NY,New York,"Nassau-Suffolk, NY HMFA",11975,0
metro-zcta,2026,NY,New York,"New York, NY HMFA",10001,0
metro-zcta,2026,NY,New York,"New York, NY HMFA",10002,0
metro-zcta,2026,NY,New York,"New York, NY HMFA",10003,0
metro-zcta,2026,NY,New York,"New York, NY HMFA",10004,0
metro-zcta,2026,NY,New York,"New York, NY HMFA",10005,0
metro-zcta,2026,NY,New York,"New York, NY HMFA",10006,0
metro-zcta,2026,NY,New York,"New York, NY HMFA",10007,0
metro-zcta,2026,NY,New York,"New York, NY HMFA",10009,0
metro-zcta,2026,NY,New York,"New York, NY HMFA",10010,0
metro-zcta,2026,NY,New York,"New York, NY HMFA",10011,0
metro-zcta,2026,NY,New York,"New York, NY HMFA",10012,0
metro-zcta,2026,NY,New York,"New York, NY HMFA",10013,0
metro-zcta,2026,NY,New York,"New York, NY HMFA",10014,0
metro-zcta,2026,NY,New York,"New York, NY HMFA",10016,0
metro-zcta,2026,NY,New York,"New York, NY HMFA",10017,0
metro-zcta,2026,NY,New York,"New York, NY HMFA",10018,0
metro-zcta,2026,NY,New York,"New York, NY HMFA",10019,0
metro-zcta,2026,NY,New York,"New York, NY HMFA",10021,0
metro-zcta,2026,NY,New York,"New York, NY HMFA",10022,0
metro-zcta,2026,NY,New York,"New York, NY HMFA",10023,0
metro-zcta,2026,NY,New York,"New York, NY HMFA",10024,0
metro-zcta,2026,NY,New York,"New York, NY HMFA",10025,0
metro-zcta,2026,NY,New York,"New York, NY HMFA",10026,0
metro-zcta,2026,NY,New York,"New York, NY HMFA",10027,0
metro-zcta,2026,NY,New York,"New York, NY HMFA",10028,0
metro-zcta,2026,NY,New York,"New York, NY HMFA",10029,0
metro-zcta,2026,NY,New York,"New York, NY HMFA",10030,0
metro-zcta,2026,NY,New York,"New York, NY HMFA",10031,0
metro-zcta,2026,NY,New York,"New York, NY HMFA",10032,0
metro-zcta,2026,NY,New York,"New York, NY HMFA",10033,0
metro-zcta,2026,NY,New York,"New York, NY HMFA",10034,0
metro-zcta,2026,NY,New York,"New York, NY HMFA",10035,0
metro-zcta,2026,NY,New York,"New York, NY HMFA",10036,0
metro-zcta,2026,NY,New York,"New York, NY HMFA",10037,0
metro-zcta,2026,NY,New York,"New York, NY HMFA",10038,0
metro-zcta,2026,NY,New York,"New York, NY HMFA",10040,0
metro-zcta,2026,NY,New York,"New York, NY HMFA",10044,0
metro-zcta,2026,NY,New York,"New York, NY HMFA",10065,0
metro-zcta,2026,NY,New York,"New York, NY HMFA",10069,0
metro-zcta,2026,NY,New York,"New York, NY HMFA",10075,0
metro-zcta,2026,NY,New York,"New York, NY HMFA",10119,0
metro-zcta,2026,NY,New York,"New York, NY HMFA",10128,0
metro-zcta,2026,NY,New York,"New York, NY HMFA",10162,0
metro-zcta,2026,NY,New York,"New York, NY HMFA",10279,0
metro-zcta,2026,NY,New York,"New York, NY HMFA",10280,0
metro-zcta,2026,NY,New York,"New York, NY HMFA",10282,0
metro-zcta,2026,NY,New York,"New York, NY HMFA",10309,0
metro-zcta,2026,NY,New York,"New York, NY HMFA",10461,0
metro-zcta,2026,NY,New York,"New York, NY HMFA",10463,0
metro-zcta,2026,NY,New York,"New York, NY HMFA",10501,0
metro-zcta,2026,NY,New York,"New York, NY HMFA",10502,0
metro-zcta,2026,NY,New York,"New York, NY HMFA",10503,0
metro-zcta,2026,NY,New York,"New York, NY HMFA",10504,0
metro-zcta,2026,NY,New York,"New York, NY HMFA",10505,0
metro-zcta,2026,NY,New York,"New York, NY HMFA",10506,0
metro-zcta,2026,NY,New York,"New York, NY HMFA",10510,0
metro-zcta,2026,NY,New York,"New York, NY HMFA",10514,0
metro-zcta,2026,NY,New York,"New York, NY HMFA",10518,0
metro-zcta,2026,NY,New York,"New York, NY HMFA",10519,0
metro-zcta,2026,NY,New York,"New York, NY HMFA",10522,0
metro-zcta,2026,NY,New York,"New York, NY HMFA",10523,0
metro-zcta,2026,NY,New York,"New York, NY HMFA",10524,0
metro-zcta,2026,NY,New York,"New York, NY HMFA",10526,0
metro-zcta,2026,NY,New York,"New York, NY HMFA",10527,0
metro-zcta,2026,NY,New York,"New York, NY HMFA",10528,0
metro-zcta,2026,NY,New York,"New York, NY HMFA",10530,0
metro-zcta,2026,NY,New York,"New York, NY HMFA",10532,0
metro-zcta,2026,NY,New York,"New York, NY HMFA",10533,0
metro-zcta,2026,NY,New York,"New York, NY HMFA",10535,0
metro-zcta,2026,NY,New York,"New York, NY HMFA",10536,0
metro-zcta,2026,NY,New York,"New York, NY HMFA",10537,0
metro-zcta,2026,NY,New York,"New York, NY HMFA",10538,0
metro-zcta,2026,NY,New York,"New York, NY HMFA",10543,0
metro-zcta,2026,NY,New York,"New York, NY HMFA",10545,0
metro-zcta,2026,NY,New York,"New York, NY HMFA",10546,0
metro-zcta,2026,NY,New York,"New York, NY HMFA",10547,0
metro-zcta,2026,NY,New York,"New York, NY HMFA",10560,0
metro-zcta,2026,NY,New York,"New York, NY HMFA",10562,0
metro-zcta,2026,NY,New York,"New York, NY HMFA",10567,0
metro-zcta,2026,NY,New York,"New York, NY HMFA",10573,0
metro-zcta,2026,NY,New York,"New York, NY HMFA",10576,0
metro-zcta,2026,NY,New York,"New York, NY HMFA",10577,0
metro-zcta,2026,NY,New York,"New York, NY HMFA",10578,0
metro-zcta,2026,NY,New York,"New York, NY HMFA",10579,0
metro-zcta,2026,NY,New York,"New York, NY HMFA",10580,0
metro-zcta,2026,NY,New York,"New York, NY HMFA",10583,0
metro-zcta,2026,NY,New York,"New York, NY HMFA",10589,0
metro-zcta,2026,NY,New York,"New York, NY HMFA",10590,0
metro-zcta,2026,NY,New York,"New York, NY HMFA",10594,0
metro-zcta,2026,NY,New York,"New York, NY HMFA",10597,0
metro-zcta,2026,NY,New York,"New York, NY HMFA",10598,0
metro-zcta,2026,NY,New York,"New York, NY HMFA",10601,0
metro-zcta,2026,NY,New York,"New York, NY HMFA",10604,0
metro-zcta,2026,NY,New York,"New York, NY HMFA",10605,0
metro-zcta,2026,NY,New York,"New York, NY HMFA",10606,0
metro-zcta,2026,NY,New York,"New York, NY HMFA",10607,0
metro-zcta,2026,NY,New York,"New York, NY HMFA",10706,0
metro-zcta,2026,NY,New York,"New York, NY HMFA",10707,0
metro-zcta,2026,NY,New York,"New York, NY HMFA",10708,0
metro-zcta,2026,NY,New York,"New York, NY HMFA",10709,0
metro-zcta,2026,NY,New York,"New York, NY HMFA",10803,0
metro-zcta,2026,NY,New York,"New York, NY HMFA",10804,0
metro-zcta,2026,NY,New York,"New York, NY HMFA",10913,0
metro-zcta,2026,NY,New York,"New York, NY HMFA",10954,0
metro-zcta,2026,NY,New York,"New York, NY HMFA",10960,0
metro-zcta,2026,NY,New York,"New York, NY HMFA",10968,0
metro-zcta,2026,NY,New York,"New York, NY HMFA",10974,1
metro-zcta,2026,NY,New York,"New York, NY HMFA",10983,0
metro-zcta,2026,NY,New York,"New York, NY HMFA",10989,0
metro-zcta,2026,NY,New York,"New York, NY HMFA",10994,0
metro-zcta,2026,NY,New York,"New York, NY HMFA",11004,0
metro-zcta,2026,NY,New York,"New York, NY HMFA",11005,0
metro-zcta,2026,NY,New York,"New York, NY HMFA",11040,1
metro-zcta,2026,NY,New York,"New York, NY HMFA",11101,0
metro-zcta,2026,NY,New York,"New York, NY HMFA",11102,0
metro-zcta,2026,NY,New York,"New York, NY HMFA",11103,0
metro-zcta,2026,NY,New York,"New York, NY HMFA",11104,0
metro-zcta,2026,NY,New York,"New York, NY HMFA",11105,0
metro-zcta,2026,NY,New York,"New York, NY HMFA",11106,0
metro-zcta,2026,NY,New York,"New York, NY HMFA",11109,0
metro-zcta,2026,NY,New York,"New York, NY HMFA",11201,0
metro-zcta,2026,NY,New York,"New York, NY HMFA",11205,0
metro-zcta,2026,NY,New York,"New York, NY HMFA",11209,0
metro-zcta,2026,NY,New York,"New York, NY HMFA",11210,0
metro-zcta,2026,NY,New York,"New York, NY HMFA",11211,0
metro-zcta,2026,NY,New York,"New York, NY HMFA",11214,0
metro-zcta,2026,NY,New York,"New York, NY HMFA",11215,0
metro-zcta,2026,NY,New York,"New York, NY HMFA",11216,0
metro-zcta,2026,NY,New York,"New York, NY HMFA",11217,0
metro-zcta,2026,NY,New York,"New York, NY HMFA",11218,0
metro-zcta,2026,NY,New York,"New York, NY HMFA",11221,0
metro-zcta,2026,NY,New York,"New York, NY HMFA",11222,0
metro-zcta,2026,NY,New York,"New York, NY HMFA",11223,0
metro-zcta,2026,NY,New York,"New York, NY HMFA",11225,0
metro-zcta,2026,NY,New York,"New York, NY HMFA",11228,0
metro-zcta,2026,NY,New York,"New York, NY HMFA",11229,0
metro-zcta,2026,NY,New York,"New York, NY HMFA",11230,0
metro-zcta,2026,NY,New York,"New York, NY HMFA",11231,0
metro-zcta,2026,NY,New York,"New York, NY HMFA",11232,0
metro-zcta,2026,NY,New York,"New York, NY HMFA",11234,0
metro-zcta,2026,NY,New York,"New York, NY HMFA",11235,0
metro-zcta,2026,NY,New York,"New York, NY HMFA",11236,0
metro-zcta,2026,NY,New York,"New York, NY HMFA",11237,0
metro-zcta,2026,NY,New York,"New York, NY HMFA",11238,0
metro-zcta,2026,NY,New York,"New York, NY HMFA",11249,0
metro-zcta,2026,NY,New York,"New York, NY HMFA",11354,0
metro-zcta,2026,NY,New York,"New York, NY HMFA",11355,0
metro-zcta,2026,NY,New York,"New York, NY HMFA",11356,0
metro-zcta,2026,NY,New York,"New York, NY HMFA",11357,0
metro-zcta,2026,NY,New York,"New York, NY HMFA",11358,0
metro-zcta,2026,NY,New York,"New York, NY HMFA",11360,0
metro-zcta,2026,NY,New York,"New York, NY HMFA",11361,0
metro-zcta,2026,NY,New York,"New York, NY HMFA",11362,0
metro-zcta,2026,NY,New York,"New York, NY HMFA",11363,0
metro-zcta,2026,NY,New York,"New York, NY HMFA",11364,0
metro-zcta,2026,NY,New York,"New York, NY HMFA",11366,0
metro-zcta,2026,NY,New York,"New York, NY HMFA",11368,0
metro-zcta,2026,NY,New York,"New York, NY HMFA",11369,0
metro-zcta,2026,NY,New York,"New York, NY HMFA",11370,0
metro-zcta,2026,NY,New York,"New York, NY HMFA",11372,0
metro-zcta,2026,NY,New York,"New York, NY HMFA",11373,0
metro-zcta,2026,NY,New York,"New York, NY HMFA",11374,0
metro-zcta,2026,NY,New York,"New York, NY HMFA",11375,0
metro-zcta,2026,NY,New York,"New York, NY HMFA",11377,0
metro-zcta,2026,NY,New York,"New York, NY HMFA",11378,0
metro-zcta,2026,NY,New York,"New York, NY HMFA",11379,0
metro-zcta,2026,NY,New York,"New York, NY HMFA",11413,0
metro-zcta,2026,NY,New York,"New York, NY HMFA",11414,0
metro-zcta,2026,NY,New York,"New York, NY HMFA",11415,0
metro-zcta,2026,NY,New York,"New York, NY HMFA",11417,0
metro-zcta,2026,NY,New York,"New York, NY HMFA",11418,0
metro-zcta,2026,NY,New York,"New York, NY HMFA",11419,0
metro-zcta,2026,NY,New York,"New York, NY HMFA",11420,0
metro-zcta,2026,NY,New York,"New York, NY HMFA",11421,0
metro-zcta,2026,NY,New York,"New York, NY HMFA",11422,0
metro-zcta,2026,NY,New York,"New York, NY HMFA",11426,0
metro-zcta,2026,NY,New York,"New York, NY HMFA",11432,0
metro-zcta,2026,NY,New York,"New York, NY HMFA",11436,0
metro-zcta,2026,NY,New York,"New York, NY HMFA",11439,0
metro-zcta,2026,NY,New York,"Rochester, NY MSA",14534,0
metro-zcta,2026,NY,New York,"Rochester, NY MSA",14586,0
metro-zcta,2026,NY,New York,"Syracuse, NY MSA",13103,0
metro-zcta,2026,NY,New York,"Syracuse, NY MSA",13418,0
metro-zcta,2026,NC,North Carolina,"Anson County, NC HMFA",28119,0
metro-zcta,2026,NC,North Carolina,"Asheville, NC MSA",28709,0
metro-zcta,2026,NC,North Carolina,"Asheville, NC MSA",28729,0
metro-zcta,2026,NC,North Carolina,"Asheville, NC MSA",28803,0
metro-zcta,2026,NC,North Carolina,"Asheville, NC MSA",28804,0
metro-zcta,2026,NC,North Carolina,"Charlotte-Concord-Gastonia, NC-SC HMFA",28075,0
metro-zcta,2026,NC,North Carolina,"Charlotte-Concord-Gastonia, NC-SC HMFA",28078,0
metro-zcta,2026,NC,North Carolina,"Charlotte-Concord-Gastonia, NC-SC HMFA",28079,0
metro-zcta,2026,NC,North Carolina,"Charlotte-Concord-Gastonia, NC-SC HMFA",28104,0
metro-zcta,2026,NC,North Carolina,"Charlotte-Concord-Gastonia, NC-SC HMFA",28173,0
metro-zcta,2026,NC,North Carolina,"Charlotte-Concord-Gastonia, NC-SC HMFA",28202,0
metro-zcta,2026,NC,North Carolina,"Charlotte-Concord-Gastonia, NC-SC HMFA",28203,0
metro-zcta,2026,NC,North Carolina,"Charlotte-Concord-Gastonia, NC-SC HMFA",28204,0
metro-zcta,2026,NC,North Carolina,"Charlotte-Concord-Gastonia, NC-SC HMFA",28211,0
metro-zcta,2026,NC,North Carolina,"Charlotte-Concord-Gastonia, NC-SC HMFA",28262,0
metro-zcta,2026,NC,North Carolina,"Charlotte-Concord-Gastonia, NC-SC HMFA",28269,0
metro-zcta,2026,NC,North Carolina,"Charlotte-Concord-Gastonia, NC-SC HMFA",28270,0
metro-zcta,2026,NC,North Carolina,"Charlotte-Concord-Gastonia, NC-SC HMFA",28273,0
metro-zcta,2026,NC,North Carolina,"Charlotte-Concord-Gastonia, NC-SC HMFA",28277,0
metro-zcta,2026,NC,North Carolina,"Charlotte-Concord-Gastonia, NC-SC HMFA",28278,0
metro-zcta,2026,NC,North Carolina,"Durham-Chapel Hill, NC HMFA",27502,1
metro-zcta,2026,NC,North Carolina,"Durham-Chapel Hill, NC HMFA",27517,0
metro-zcta,2026,NC,North Carolina,"Durham-Chapel Hill, NC HMFA",27519,1
metro-zcta,2026,NC,North Carolina,"Durham-Chapel Hill, NC HMFA",27560,1
metro-zcta,2026,NC,North Carolina,"Durham-Chapel Hill, NC HMFA",27712,0
metro-zcta,2026,NC,North Carolina,"Hickory-Lenoir-Morganton, NC MSA",28673,1
metro-zcta,2026,NC,North Carolina,"Hickory-Lenoir-Morganton, NC MSA",28682,0
metro-zcta,2026,NC,North Carolina,"Iredell County, NC HMFA",28036,1
metro-zcta,2026,NC,North Carolina,"Iredell County, NC HMFA",28117,0
metro-zcta,2026,NC,North Carolina,"Jacksonville, NC MSA",28542,0
metro-zcta,2026,NC,North Carolina,"Pender County, NC HMFA",28411,1
metro-zcta,2026,NC,North Carolina,"Wilmington, NC HMFA",28480,0
metro-zcta,2026,OH,Ohio,"Akron, OH MSA",44056,0
metro-zcta,2026,OH,Ohio,"Akron, OH MSA",44141,1
metro-zcta,2026,OH,Ohio,"Akron, OH MSA",44202,1
metro-zcta,2026,OH,Ohio,"Cincinnati, OH-KY-IN HMFA",45040,0
metro-zcta,2026,OH,Ohio,"Cincinnati, OH-KY-IN HMFA",45174,0
metro-zcta,2026,OH,Ohio,"Cincinnati, OH-KY-IN HMFA",45202,0
metro-zcta,2026,OH,Ohio,"Cincinnati, OH-KY-IN HMFA",45242,0
metro-zcta,2026,OH,Ohio,"Cincinnati, OH-KY-IN HMFA",45243,0
metro-zcta,2026,OH,Ohio,"Cleveland, OH HMFA",44040,0
metro-zcta,2026,OH,Ohio,"Cleveland, OH HMFA",44141,1
metro-zcta,2026,OH,Ohio,"Cleveland, OH HMFA",44202,1
metro-zcta,2026,OH,Ohio,"Cleveland, OH HMFA",44251,0
metro-zcta,2026,OH,Ohio,"Cleveland, OH HMFA",44280,0
metro-zcta,2026,OH,Ohio,"Columbus, OH HMFA",43054,0
metro-zcta,2026,OH,Ohio,"Columbus, OH HMFA",43215,0
metro-zcta,2026,OH,Ohio,"Dayton-Kettering-Beavercreek, OH MSA",45066,1
metro-zcta,2026,OH,Ohio,"Toledo, OH HMFA",43511,0
metro-zcta,2026,OH,Ohio,"Toledo, OH HMFA",43541,0
metro-zcta,2026,OK,Oklahoma,"Lawton, OK HMFA",73538,0
metro-zcta,2026,OK,Oklahoma,"Oklahoma City, OK HMFA",73012,0
metro-zcta,2026,OK,Oklahoma,"Okmulgee County, OK HMFA",74422,0
metro-zcta,2026,OK,Oklahoma,"Tulsa, OK HMFA",74103,0
metro-zcta,2026,OR,Oregon,"Albany, OR MSA",97350,1
metro-zcta,2026,OR,Oregon,"Albany, OR MSA",97389,0
metro-zcta,2026,OR,Oregon,"Eugene-Springfield, OR MSA",97408,0
metro-zcta,2026,OR,Oregon,"Eugene-Springfield, OR MSA",97431,0
metro-zcta,2026,OR,Oregon,"Eugene-Springfield, OR MSA",97455,0
metro-zcta,2026,OR,Oregon,"Eugene-Springfield, OR MSA",97488,0
metro-zcta,2026,OR,Oregon,"Eugene-Springfield, OR MSA",97490,0
metro-zcta,2026,OR,Oregon,"Grants Pass, OR MSA",97544,0
metro-zcta,2026,OR,Oregon,"Jefferson County, OR HMFA",97730,0
metro-zcta,2026,OR,Oregon,"Medford, OR MSA",97530,1
metro-zcta,2026,OR,Oregon,"Portland-Vancouver-Hillsboro, OR-WA MSA",97034,0
metro-zcta,2026,OR,Oregon,"Portland-Vancouver-Hillsboro, OR-WA MSA",97035,0
metro-zcta,2026,OR,Oregon,"Portland-Vancouver-Hillsboro, OR-WA MSA",97068,0
metro-zcta,2026,OR,Oregon,"Portland-Vancouver-Hillsboro, OR-WA MSA",97089,0
metro-zcta,2026,OR,Oregon,"Portland-Vancouver-Hillsboro, OR-WA MSA",97115,0
metro-zcta,2026,OR,Oregon,"Portland-Vancouver-Hillsboro, OR-WA MSA",97124,0
metro-zcta,2026,OR,Oregon,"Portland-Vancouver-Hillsboro, OR-WA MSA",97140,0
metro-zcta,2026,OR,Oregon,"Portland-Vancouver-Hillsboro, OR-WA MSA",97201,0
metro-zcta,2026,OR,Oregon,"Portland-Vancouver-Hillsboro, OR-WA MSA",97209,0
metro-zcta,2026,OR,Oregon,"Portland-Vancouver-Hillsboro, OR-WA MSA",97211,0
metro-zcta,2026,OR,Oregon,"Portland-Vancouver-Hillsboro, OR-WA MSA",97214,0
metro-zcta,2026,OR,Oregon,"Portland-Vancouver-Hillsboro, OR-WA MSA",97217,0
metro-zcta,2026,OR,Oregon,"Salem, OR MSA",97020,0
metro-zcta,2026,OR,Oregon,"Salem, OR MSA",97026,0
metro-zcta,2026,OR,Oregon,"Salem, OR MSA",97032,1
metro-zcta,2026,OR,Oregon,"Salem, OR MSA",97101,1
metro-zcta,2026,OR,Oregon,"Salem, OR MSA",97137,0
metro-zcta,2026,OR,Oregon,"Salem, OR MSA",97342,0
metro-zcta,2026,OR,Oregon,"Salem, OR MSA",97350,1
metro-zcta,2026,OR,Oregon,"Salem, OR MSA",97351,0
metro-zcta,2026,PA,Pennsylvania,"Allentown-Bethlehem-Easton, PA HMFA",18020,0
metro-zcta,2026,PA,Pennsylvania,"Allentown-Bethlehem-Easton, PA HMFA",18031,1
metro-zcta,2026,PA,Pennsylvania,"Allentown-Bethlehem-Easton, PA HMFA",18034,0
metro-zcta,2026,PA,Pennsylvania,"Allentown-Bethlehem-Easton, PA HMFA",18045,0
metro-zcta,2026,PA,Pennsylvania,"Allentown-Bethlehem-Easton, PA HMFA",18062,1
metro-zcta,2026,PA,Pennsylvania,"Allentown-Bethlehem-Easton, PA HMFA",18069,0
metro-zcta,2026,PA,Pennsylvania,"Allentown-Bethlehem-Easton, PA HMFA",18077,1
metro-zcta,2026,PA,Pennsylvania,"Allentown-Bethlehem-Easton, PA HMFA",18106,0
metro-zcta,2026,PA,Pennsylvania,"Lancaster, PA MSA",17568,0
metro-zcta,2026,PA,Pennsylvania,"Lancaster, PA MSA",17584,0
metro-zcta,2026,PA,Pennsylvania,"Lebanon, PA MSA",17016,0
metro-zcta,2026,PA,Pennsylvania,"Philadelphia-Camden-Wilmington, PA-NJ-DE-MD MSA",18902,0
metro-zcta,2026,PA,Pennsylvania,"Philadelphia-Camden-Wilmington, PA-NJ-DE-MD MSA",18912,0
metro-zcta,2026,PA,Pennsylvania,"Philadelphia-Camden-Wilmington, PA-NJ-DE-MD MSA",18913,0
metro-zcta,2026,PA,Pennsylvania,"Philadelphia-Camden-Wilmington, PA-NJ-DE-MD MSA",18914,0
metro-zcta,2026,PA,Pennsylvania,"Philadelphia-Camden-Wilmington, PA-NJ-DE-MD MSA",18915,0
metro-zcta,2026,PA,Pennsylvania,"Philadelphia-Camden-Wilmington, PA-NJ-DE-MD MSA",18923,0
metro-zcta,2026,PA,Pennsylvania,"Philadelphia-Camden-Wilmington, PA-NJ-DE-MD MSA",18925,0
metro-zcta,2026,PA,Pennsylvania,"Philadelphia-Camden-Wilmington, PA-NJ-DE-MD MSA",18929,0
metro-zcta,2026,PA,Pennsylvania,"Philadelphia-Camden-Wilmington, PA-NJ-DE-MD MSA",18933,0
metro-zcta,2026,PA,Pennsylvania,"Philadelphia-Camden-Wilmington, PA-NJ-DE-MD MSA",18938,0
metro-zcta,2026,PA,Pennsylvania,"Philadelphia-Camden-Wilmington, PA-NJ-DE-MD MSA",18940,0
metro-zcta,2026,PA,Pennsylvania,"Philadelphia-Camden-Wilmington, PA-NJ-DE-MD MSA",18946,0
metro-zcta,2026,PA,Pennsylvania,"Philadelphia-Camden-Wilmington, PA-NJ-DE-MD MSA",18954,0
metro-zcta,2026,PA,Pennsylvania,"Philadelphia-Camden-Wilmington, PA-NJ-DE-MD MSA",18977,0
metro-zcta,2026,PA,Pennsylvania,"Philadelphia-Camden-Wilmington, PA-NJ-DE-MD MSA",18980,0
metro-zcta,2026,PA,Pennsylvania,"Philadelphia-Camden-Wilmington, PA-NJ-DE-MD MSA",19004,0
metro-zcta,2026,PA,Pennsylvania,"Philadelphia-Camden-Wilmington, PA-NJ-DE-MD MSA",19010,0
metro-zcta,2026,PA,Pennsylvania,"Philadelphia-Camden-Wilmington, PA-NJ-DE-MD MSA",19025,0
metro-zcta,2026,PA,Pennsylvania,"Philadelphia-Camden-Wilmington, PA-NJ-DE-MD MSA",19041,0
metro-zcta,2026,PA,Pennsylvania,"Philadelphia-Camden-Wilmington, PA-NJ-DE-MD MSA",19047,0
metro-zcta,2026,PA,Pennsylvania,"Philadelphia-Camden-Wilmington, PA-NJ-DE-MD MSA",19060,0
metro-zcta,2026,PA,Pennsylvania,"Philadelphia-Camden-Wilmington, PA-NJ-DE-MD MSA",19066,0
metro-zcta,2026,PA,Pennsylvania,"Philadelphia-Camden-Wilmington, PA-NJ-DE-MD MSA",19072,0
metro-zcta,2026,PA,Pennsylvania,"Philadelphia-Camden-Wilmington, PA-NJ-DE-MD MSA",19073,0
metro-zcta,2026,PA,Pennsylvania,"Philadelphia-Camden-Wilmington, PA-NJ-DE-MD MSA",19085,0
metro-zcta,2026,PA,Pennsylvania,"Philadelphia-Camden-Wilmington, PA-NJ-DE-MD MSA",19087,0
metro-zcta,2026,PA,Pennsylvania,"Philadelphia-Camden-Wilmington, PA-NJ-DE-MD MSA",19095,0
metro-zcta,2026,PA,Pennsylvania,"Philadelphia-Camden-Wilmington, PA-NJ-DE-MD MSA",19096,0
metro-zcta,2026,PA,Pennsylvania,"Philadelphia-Camden-Wilmington, PA-NJ-DE-MD MSA",19102,0
metro-zcta,2026,PA,Pennsylvania,"Philadelphia-Camden-Wilmington, PA-NJ-DE-MD MSA",19103,0
metro-zcta,2026,PA,Pennsylvania,"Philadelphia-Camden-Wilmington, PA-NJ-DE-MD MSA",19106,0
metro-zcta,2026,PA,Pennsylvania,"Philadelphia-Camden-Wilmington, PA-NJ-DE-MD MSA",19107,0
metro-zcta,2026,PA,Pennsylvania,"Philadelphia-Camden-Wilmington, PA-NJ-DE-MD MSA",19118,0
metro-zcta,2026,PA,Pennsylvania,"Philadelphia-Camden-Wilmington, PA-NJ-DE-MD MSA",19123,0
metro-zcta,2026,PA,Pennsylvania,"Philadelphia-Camden-Wilmington, PA-NJ-DE-MD MSA",19125,0
metro-zcta,2026,PA,Pennsylvania,"Philadelphia-Camden-Wilmington, PA-NJ-DE-MD MSA",19127,0
metro-zcta,2026,PA,Pennsylvania,"Philadelphia-Camden-Wilmington, PA-NJ-DE-MD MSA",19130,0
metro-zcta,2026,PA,Pennsylvania,"Philadelphia-Camden-Wilmington, PA-NJ-DE-MD MSA",19146,0
metro-zcta,2026,PA,Pennsylvania,"Philadelphia-Camden-Wilmington, PA-NJ-DE-MD MSA",19147,0
metro-zcta,2026,PA,Pennsylvania,"Philadelphia-Camden-Wilmington, PA-NJ-DE-MD MSA",19301,0
metro-zcta,2026,PA,Pennsylvania,"Philadelphia-Camden-Wilmington, PA-NJ-DE-MD MSA",19312,0
metro-zcta,2026,PA,Pennsylvania,"Philadelphia-Camden-Wilmington, PA-NJ-DE-MD MSA",19317,0
metro-zcta,2026,PA,Pennsylvania,"Philadelphia-Camden-Wilmington, PA-NJ-DE-MD MSA",19319,0
metro-zcta,2026,PA,Pennsylvania,"Philadelphia-Camden-Wilmington, PA-NJ-DE-MD MSA",19333,0
metro-zcta,2026,PA,Pennsylvania,"Philadelphia-Camden-Wilmington, PA-NJ-DE-MD MSA",19341,0
metro-zcta,2026,PA,Pennsylvania,"Philadelphia-Camden-Wilmington, PA-NJ-DE-MD MSA",19342,0
metro-zcta,2026,PA,Pennsylvania,"Philadelphia-Camden-Wilmington, PA-NJ-DE-MD MSA",19343,0
metro-zcta,2026,PA,Pennsylvania,"Philadelphia-Camden-Wilmington, PA-NJ-DE-MD MSA",19345,0
metro-zcta,2026,PA,Pennsylvania,"Philadelphia-Camden-Wilmington, PA-NJ-DE-MD MSA",19355,0
metro-zcta,2026,PA,Pennsylvania,"Philadelphia-Camden-Wilmington, PA-NJ-DE-MD MSA",19372,0
metro-zcta,2026,PA,Pennsylvania,"Philadelphia-Camden-Wilmington, PA-NJ-DE-MD MSA",19373,0
metro-zcta,2026,PA,Pennsylvania,"Philadelphia-Camden-Wilmington, PA-NJ-DE-MD MSA",19380,0
metro-zcta,2026,PA,Pennsylvania,"Philadelphia-Camden-Wilmington, PA-NJ-DE-MD MSA",19406,0
metro-zcta,2026,PA,Pennsylvania,"Philadelphia-Camden-Wilmington, PA-NJ-DE-MD MSA",19422,0
metro-zcta,2026,PA,Pennsylvania,"Philadelphia-Camden-Wilmington, PA-NJ-DE-MD MSA",19425,0
metro-zcta,2026,PA,Pennsylvania,"Philadelphia-Camden-Wilmington, PA-NJ-DE-MD MSA",19426,0
metro-zcta,2026,PA,Pennsylvania,"Philadelphia-Camden-Wilmington, PA-NJ-DE-MD MSA",19428,0
metro-zcta,2026,PA,Pennsylvania,"Philadelphia-Camden-Wilmington, PA-NJ-DE-MD MSA",19438,0
metro-zcta,2026,PA,Pennsylvania,"Philadelphia-Camden-Wilmington, PA-NJ-DE-MD MSA",19444,0
metro-zcta,2026,PA,Pennsylvania,"Philadelphia-Camden-Wilmington, PA-NJ-DE-MD MSA",19453,0
metro-zcta,2026,PA,Pennsylvania,"Philadelphia-Camden-Wilmington, PA-NJ-DE-MD MSA",19462,0
metro-zcta,2026,PA,Pennsylvania,"Pittsburgh, PA HMFA",15015,0
metro-zcta,2026,PA,Pennsylvania,"Pittsburgh, PA HMFA",15042,0
metro-zcta,2026,PA,Pennsylvania,"Pittsburgh, PA HMFA",15090,0
metro-zcta,2026,PA,Pennsylvania,"Pittsburgh, PA HMFA",15142,0
metro-zcta,2026,PA,Pennsylvania,"Pittsburgh, PA HMFA",15222,0
metro-zcta,2026,PA,Pennsylvania,"Pittsburgh, PA HMFA",15232,0
metro-zcta,2026,PA,Pennsylvania,"Pittsburgh, PA HMFA",16046,0
metro-zcta,2026,PA,Pennsylvania,"Pittsburgh, PA HMFA",16059,0
metro-zcta,2026,PA,Pennsylvania,"Reading, PA MSA",18056,0
metro-zcta,2026,PA,Pennsylvania,"Reading, PA MSA",18062,1
metro-zcta,2026,PA,Pennsylvania,"Reading, PA MSA",19610,0
metro-zcta,2026,PA,Pennsylvania,"Scranton--Wilkes-Barre, PA MSA",18602,0
metro-zcta,2026,PA,Pennsylvania,"Scranton--Wilkes-Barre, PA MSA",18618,0
metro-zcta,2026,PA,Pennsylvania,"York-Hanover, PA MSA",17407,0
metro-zcta,2026,RI,Rhode Island,"Providence-Fall River, RI-MA HMFA",02817,0
metro-zcta,2026,RI,Rhode Island,"Providence-Fall River, RI-MA HMFA",02822,0
metro-zcta,2026,RI,Rhode Island,"Providence-Fall River, RI-MA HMFA",02831,0
metro-zcta,2026,RI,Rhode Island,"Providence-Fall River, RI-MA HMFA",02835,0
metro-zcta,2026,RI,Rhode Island,"Providence-Fall River, RI-MA HMFA",02837,0
metro-zcta,2026,RI,Rhode Island,"Providence-Fall River, RI-MA HMFA",02876,0
metro-zcta,2026,RI,Rhode Island,"Providence-Fall River, RI-MA HMFA",02882,0
metro-zcta,2026,RI,Rhode Island,"Providence-Fall River, RI-MA HMFA",02892,0
metro-zcta,2026,RI,Rhode Island,"Providence-Fall River, RI-MA HMFA",02903,0
metro-zcta,2026,RI,Rhode Island,"Providence-Fall River, RI-MA HMFA",02906,0
metro-zcta,2026,RI,Rhode Island,"Providence-Fall River, RI-MA HMFA",02912,0
metro-zcta,2026,SC,South Carolina,"Beaufort County, SC HMFA",29909,1
metro-zcta,2026,SC,South Carolina,"Beaufort County, SC HMFA",29910,0
metro-zcta,2026,SC,South Carolina,"Charleston-North Charleston, SC MSA",29401,0
metro-zcta,2026,SC,South Carolina,"Charleston-North Charleston, SC MSA",29403,0
metro-zcta,2026,SC,South Carolina,"Charleston-North Charleston, SC MSA",29404,0
metro-zcta,2026,SC,South Carolina,"Charleston-North Charleston, SC MSA",29409,0
metro-zcta,2026,SC,South Carolina,"Charleston-North Charleston, SC MSA",29412,0
metro-zcta,2026,SC,South Carolina,"Charleston-North Charleston, SC MSA",29414,0
metro-zcta,2026,SC,South Carolina,"Charleston-North Charleston, SC MSA",29424,0
metro-zcta,2026,SC,South Carolina,"Charleston-North Charleston, SC MSA",29439,0
metro-zcta,2026,SC,South Carolina,"Charleston-North Charleston, SC MSA",29451,0
metro-zcta,2026,SC,South Carolina,"Charleston-North Charleston, SC MSA",29458,0
metro-zcta,2026,SC,South Carolina,"Charleston-North Charleston, SC MSA",29464,0
metro-zcta,2026,SC,South Carolina,"Charleston-North Charleston, SC MSA",29466,0
metro-zcta,2026,SC,South Carolina,"Charleston-North Charleston, SC MSA",29482,0
metro-zcta,2026,SC,South Carolina,"Charleston-North Charleston, SC MSA",29492,0
metro-zcta,2026,SC,South Carolina,"Chester County, SC HMFA",29714,0
metro-zcta,2026,SC,South Carolina,"Chester County, SC HMFA",29729,0
metro-zcta,2026,SC,South Carolina,"Chester County, SC HMFA",29730,1
metro-zcta,2026,SC,South Carolina,"Chester County, SC HMFA",29742,1
metro-zcta,2026,SC,South Carolina,"Columbia, SC HMFA",29036,0
metro-zcta,2026,SC,South Carolina,"Columbia, SC HMFA",29063,0
metro-zcta,2026,SC,South Carolina,"Columbia, SC HMFA",29177,0
metro-zcta,2026,SC,South Carolina,"Columbia, SC HMFA",29229,0
metro-zcta,2026,SC,South Carolina,"Jasper County, SC HMFA",29909,1
metro-zcta,2026,SC,South Carolina,"Lancaster County, SC HMFA",29707,0
metro-zcta,2026,SC,South Carolina,"Myrtle Beach-North Myrtle Beach-Conway, SC HMFA",29579,0
metro-zcta,2026,SC,South Carolina,"Spartanburg, SC HMFA",29365,0
metro-zcta,2026,SC,South Carolina,"Spartanburg, SC HMFA",29369,0
metro-zcta,2026,SC,South Carolina,"Sumter, SC MSA",29152,0
metro-zcta,2026,TN,Tennessee,"Chattanooga, TN-GA MSA",37315,0
metro-zcta,2026,TN,Tennessee,"Chattanooga, TN-GA MSA",37363,0
metro-zcta,2026,TN,Tennessee,"Chattanooga, TN-GA MSA",37421,0
metro-zcta,2026,TN,Tennessee,"Hickman County, TN HMFA",38476,1
metro-zcta,2026,TN,Tennessee,"Jackson, TN HMFA",38362,0
metro-zcta,2026,TN,Tennessee,"Kingsport-Bristol, TN-VA MSA",37686,1
metro-zcta,2026,TN,Tennessee,"Knoxville, TN HMFA",37902,0
metro-zcta,2026,TN,Tennessee,"Knoxville, TN HMFA",37922,0
metro-zcta,2026,TN,Tennessee,"Knoxville, TN HMFA",37931,0
metro-zcta,2026,TN,Tennessee,"Knoxville, TN HMFA",37932,0
metro-zcta,2026,TN,Tennessee,"Knoxville, TN HMFA",37934,0
metro-zcta,2026,TN,Tennessee,"Maury County, TN HMFA",37174,1
metro-zcta,2026,TN,Tennessee,"Memphis, TN-MS-AR HMFA",38002,0
metro-zcta,2026,TN,Tennessee,"Memphis, TN-MS-AR HMFA",38016,0
metro-zcta,2026,TN,Tennessee,"Memphis, TN-MS-AR HMFA",38017,0
metro-zcta,2026,TN,Tennessee,"Memphis, TN-MS-AR HMFA",38018,0
metro-zcta,2026,TN,Tennessee,"Memphis, TN-MS-AR HMFA",38036,0
metro-zcta,2026,TN,Tennessee,"Memphis, TN-MS-AR HMFA",38103,0
metro-zcta,2026,TN,Tennessee,"Memphis, TN-MS-AR HMFA",38133,0
metro-zcta,2026,TN,Tennessee,"Memphis, TN-MS-AR HMFA",38135,0
metro-zcta,2026,TN,Tennessee,"Memphis, TN-MS-AR HMFA",38138,0
metro-zcta,2026,TN,Tennessee,"Memphis, TN-MS-AR HMFA",38139,0
metro-zcta,2026,TN,Tennessee,"Nashville-Davidson--Murfreesboro--Franklin, TN HMFA",37014,0
metro-zcta,2026,TN,Tennessee,"Nashville-Davidson--Murfreesboro--Franklin, TN HMFA",37027,0
metro-zcta,2026,TN,Tennessee,"Nashville-Davidson--Murfreesboro--Franklin, TN HMFA",37037,0
metro-zcta,2026,TN,Tennessee,"Nashville-Davidson--Murfreesboro--Franklin, TN HMFA",37064,0
metro-zcta,2026,TN,Tennessee,"Nashville-Davidson--Murfreesboro--Franklin, TN HMFA",37067,0
metro-zcta,2026,TN,Tennessee,"Nashville-Davidson--Murfreesboro--Franklin, TN HMFA",37069,0
metro-zcta,2026,TN,Tennessee,"Nashville-Davidson--Murfreesboro--Franklin, TN HMFA",37122,0
metro-zcta,2026,TN,Tennessee,"Nashville-Davidson--Murfreesboro--Franklin, TN HMFA",37135,0
metro-zcta,2026,TN,Tennessee,"Nashville-Davidson--Murfreesboro--Franklin, TN HMFA",37174,1
metro-zcta,2026,TN,Tennessee,"Nashville-Davidson--Murfreesboro--Franklin, TN HMFA",37179,0
metro-zcta,2026,TN,Tennessee,"Nashville-Davidson--Murfreesboro--Franklin, TN HMFA",37201,0
metro-zcta,2026,TN,Tennessee,"Nashville-Davidson--Murfreesboro--Franklin, TN HMFA",37204,0
metro-zcta,2026,TN,Tennessee,"Nashville-Davidson--Murfreesboro--Franklin, TN HMFA",37205,0
metro-zcta,2026,TN,Tennessee,"Nashville-Davidson--Murfreesboro--Franklin, TN HMFA",37215,0
metro-zcta,2026,TN,Tennessee,"Nashville-Davidson--Murfreesboro--Franklin, TN HMFA",37219,0
metro-zcta,2026,TN,Tennessee,"Nashville-Davidson--Murfreesboro--Franklin, TN HMFA",37220,0
metro-zcta,2026,TN,Tennessee,"Nashville-Davidson--Murfreesboro--Franklin, TN HMFA",37221,0
metro-zcta,2026,TN,Tennessee,"Smith County, TN HMFA",37090,1
metro-zcta,2026,TX,Texas,"Austin-Round Rock-San Marcos, TX MSA",78633,0
metro-zcta,2026,TX,Texas,"Austin-Round Rock-San Marcos, TX MSA",78652,0
metro-zcta,2026,TX,Texas,"Austin-Round Rock-San Marcos, TX MSA",78701,0
metro-zcta,2026,TX,Texas,"Austin-Round Rock-San Marcos, TX MSA",78703,0
metro-zcta,2026,TX,Texas,"Austin-Round Rock-San Marcos, TX MSA",78725,0
metro-zcta,2026,TX,Texas,"Austin-Round Rock-San Marcos, TX MSA",78733,0
metro-zcta,2026,TX,Texas,"Austin-Round Rock-San Marcos, TX MSA",78734,0
metro-zcta,2026,TX,Texas,"Austin-Round Rock-San Marcos, TX MSA",78737,0
metro-zcta,2026,TX,Texas,"Austin-Round Rock-San Marcos, TX MSA",78739,0
metro-zcta,2026,TX,Texas,"Brazoria County, TX HMFA",77545,1
metro-zcta,2026,TX,Texas,"Corpus Christi, TX HMFA",78373,0
metro-zcta,2026,TX,Texas,"Corpus Christi, TX HMFA",78374,0
metro-zcta,2026,TX,Texas,"Corpus Christi, TX HMFA",78406,0
metro-zcta,2026,TX,Texas,"Corpus Christi, TX HMFA",78412,0
metro-zcta,2026,TX,Texas,"Corpus Christi, TX HMFA",78414,0
metro-zcta,2026,TX,Texas,"Corpus Christi, TX HMFA",78419,0
metro-zcta,2026,TX,Texas,"Dallas, TX HMFA",75001,0
metro-zcta,2026,TX,Texas,"Dallas, TX HMFA",75002,0
metro-zcta,2026,TX,Texas,"Dallas, TX HMFA",75009,0
metro-zcta,2026,TX,Texas,"Dallas, TX HMFA",75013,0
metro-zcta,2026,TX,Texas,"Dallas, TX HMFA",75019,0
metro-zcta,2026,TX,Texas,"Dallas, TX HMFA",75022,1
metro-zcta,2026,TX,Texas,"Dallas, TX HMFA",75024,0
metro-zcta,2026,TX,Texas,"Dallas, TX HMFA",75025,0
metro-zcta,2026,TX,Texas,"Dallas, TX HMFA",75028,1
metro-zcta,2026,TX,Texas,"Dallas, TX HMFA",75032,0
metro-zcta,2026,TX,Texas,"Dallas, TX HMFA",75033,0
metro-zcta,2026,TX,Texas,"Dallas, TX HMFA",75034,0
metro-zcta,2026,TX,Texas,"Dallas, TX HMFA",75035,0
metro-zcta,2026,TX,Texas,"Dallas, TX HMFA",75036,0
metro-zcta,2026,TX,Texas,"Dallas, TX HMFA",75039,0
metro-zcta,2026,TX,Texas,"Dallas, TX HMFA",75048,0
metro-zcta,2026,TX,Texas,"Dallas, TX HMFA",75054,1
metro-zcta,2026,TX,Texas,"Dallas, TX HMFA",75063,0
metro-zcta,2026,TX,Texas,"Dallas, TX HMFA",75068,0
metro-zcta,2026,TX,Texas,"Dallas, TX HMFA",75070,0
metro-zcta,2026,TX,Texas,"Dallas, TX HMFA",75071,0
metro-zcta,2026,TX,Texas,"Dallas, TX HMFA",75072,0
metro-zcta,2026,TX,Texas,"Dallas, TX HMFA",75077,0
metro-zcta,2026,TX,Texas,"Dallas, TX HMFA",75078,0
metro-zcta,2026,TX,Texas,"Dallas, TX HMFA",75082,0
metro-zcta,2026,TX,Texas,"Dallas, TX HMFA",75088,0
metro-zcta,2026,TX,Texas,"Dallas, TX HMFA",75089,0
metro-zcta,2026,TX,Texas,"Dallas, TX HMFA",75093,0
metro-zcta,2026,TX,Texas,"Dallas, TX HMFA",75094,0
metro-zcta,2026,TX,Texas,"Dallas, TX HMFA",75098,0
metro-zcta,2026,TX,Texas,"Dallas, TX HMFA",75104,0
metro-zcta,2026,TX,Texas,"Dallas, TX HMFA",75126,0
metro-zcta,2026,TX,Texas,"Dallas, TX HMFA",75132,0
metro-zcta,2026,TX,Texas,"Dallas, TX HMFA",75166,0
metro-zcta,2026,TX,Texas,"Dallas, TX HMFA",75167,0
metro-zcta,2026,TX,Texas,"Dallas, TX HMFA",75181,0
metro-zcta,2026,TX,Texas,"Dallas, TX HMFA",75189,0
metro-zcta,2026,TX,Texas,"Dallas, TX HMFA",75201,0
metro-zcta,2026,TX,Texas,"Dallas, TX HMFA",75202,0
metro-zcta,2026,TX,Texas,"Dallas, TX HMFA",75204,0
metro-zcta,2026,TX,Texas,"Dallas, TX HMFA",75205,0
metro-zcta,2026,TX,Texas,"Dallas, TX HMFA",75206,0
metro-zcta,2026,TX,Texas,"Dallas, TX HMFA",75207,0
metro-zcta,2026,TX,Texas,"Dallas, TX HMFA",75209,0
metro-zcta,2026,TX,Texas,"Dallas, TX HMFA",75214,0
metro-zcta,2026,TX,Texas,"Dallas, TX HMFA",75219,0
metro-zcta,2026,TX,Texas,"Dallas, TX HMFA",75225,0
metro-zcta,2026,TX,Texas,"Dallas, TX HMFA",75244,0
metro-zcta,2026,TX,Texas,"Dallas, TX HMFA",75248,0
metro-zcta,2026,TX,Texas,"Dallas, TX HMFA",75249,0
metro-zcta,2026,TX,Texas,"Dallas, TX HMFA",75251,0
metro-zcta,2026,TX,Texas,"Dallas, TX HMFA",75409,0
metro-zcta,2026,TX,Texas,"Dallas, TX HMFA",75454,0
metro-zcta,2026,TX,Texas,"Dallas, TX HMFA",76052,1
metro-zcta,2026,TX,Texas,"Dallas, TX HMFA",76210,0
metro-zcta,2026,TX,Texas,"Dallas, TX HMFA",76226,0
metro-zcta,2026,TX,Texas,"Dallas, TX HMFA",76227,0
metro-zcta,2026,TX,Texas,"Dallas, TX HMFA",76247,1
metro-zcta,2026,TX,Texas,"El Paso, TX HMFA",79906,0
metro-zcta,2026,TX,Texas,"El Paso, TX HMFA",79908,0
metro-zcta,2026,TX,Texas,"El Paso, TX HMFA",79911,0
metro-zcta,2026,TX,Texas,"El Paso, TX HMFA",79916,0
metro-zcta,2026,TX,Texas,"El Paso, TX HMFA",79918,0
metro-zcta,2026,TX,Texas,"El Paso, TX HMFA",79922,1
metro-zcta,2026,TX,Texas,"El Paso, TX HMFA",79934,0
metro-zcta,2026,TX,Texas,"El Paso, TX HMFA",79938,1
metro-zcta,2026,TX,Texas,"Falls County, TX HMFA",76524,1
metro-zcta,2026,TX,Texas,"Falls County, TX HMFA",76655,1
metro-zcta,2026,TX,Texas,"Fort Worth-Arlington, TX HMFA",75022,1
metro-zcta,2026,TX,Texas,"Fort Worth-Arlington, TX HMFA",75028,1
metro-zcta,2026,TX,Texas,"Fort Worth-Arlington, TX HMFA",75052,1
metro-zcta,2026,TX,Texas,"Fort Worth-Arlington, TX HMFA",75054,1
metro-zcta,2026,TX,Texas,"Fort Worth-Arlington, TX HMFA",76001,0
metro-zcta,2026,TX,Texas,"Fort Worth-Arlington, TX HMFA",76002,0
metro-zcta,2026,TX,Texas,"Fort Worth-Arlington, TX HMFA",76008,0
metro-zcta,2026,TX,Texas,"Fort Worth-Arlington, TX HMFA",76016,0
metro-zcta,2026,TX,Texas,"Fort Worth-Arlington, TX HMFA",76018,0
metro-zcta,2026,TX,Texas,"Fort Worth-Arlington, TX HMFA",76034,0
metro-zcta,2026,TX,Texas,"Fort Worth-Arlington, TX HMFA",76036,0
metro-zcta,2026,TX,Texas,"Fort Worth-Arlington, TX HMFA",76039,0
metro-zcta,2026,TX,Texas,"Fort Worth-Arlington, TX HMFA",76051,0
metro-zcta,2026,TX,Texas,"Fort Worth-Arlington, TX HMFA",76052,1
metro-zcta,2026,TX,Texas,"Fort Worth-Arlington, TX HMFA",76063,1
metro-zcta,2026,TX,Texas,"Fort Worth-Arlington, TX HMFA",76092,1
metro-zcta,2026,TX,Texas,"Fort Worth-Arlington, TX HMFA",76102,0
metro-zcta,2026,TX,Texas,"Fort Worth-Arlington, TX HMFA",76123,0
metro-zcta,2026,TX,Texas,"Fort Worth-Arlington, TX HMFA",76127,0
metro-zcta,2026,TX,Texas,"Fort Worth-Arlington, TX HMFA",76131,0
metro-zcta,2026,TX,Texas,"Fort Worth-Arlington, TX HMFA",76137,0
metro-zcta,2026,TX,Texas,"Fort Worth-Arlington, TX HMFA",76148,0
metro-zcta,2026,TX,Texas,"Fort Worth-Arlington, TX HMFA",76177,1
metro-zcta,2026,TX,Texas,"Fort Worth-Arlington, TX HMFA",76179,0
metro-zcta,2026,TX,Texas,"Fort Worth-Arlington, TX HMFA",76182,0
metro-zcta,2026,TX,Texas,"Fort Worth-Arlington, TX HMFA",76244,0
metro-zcta,2026,TX,Texas,"Fort Worth-Arlington, TX HMFA",76248,0
metro-zcta,2026,TX,Texas,"Fort Worth-Arlington, TX HMFA",76262,1
metro-zcta,2026,TX,Texas,"Fort Worth-Arlington, TX HMFA",76487,1
metro-zcta,2026,TX,Texas,"Houston-The Woodlands-Sugar Land, TX HMFA",77002,0
metro-zcta,2026,TX,Texas,"Houston-The Woodlands-Sugar Land, TX HMFA",77003,0
metro-zcta,2026,TX,Texas,"Houston-The Woodlands-Sugar Land, TX HMFA",77005,0
metro-zcta,2026,TX,Texas,"Houston-The Woodlands-Sugar Land, TX HMFA",77006,0
metro-zcta,2026,TX,Texas,"Houston-The Woodlands-Sugar Land, TX HMFA",77007,0
metro-zcta,2026,TX,Texas,"Houston-The Woodlands-Sugar Land, TX HMFA",77010,0
metro-zcta,2026,TX,Texas,"Houston-The Woodlands-Sugar Land, TX HMFA",77019,0
metro-zcta,2026,TX,Texas,"Houston-The Woodlands-Sugar Land, TX HMFA",77024,0
metro-zcta,2026,TX,Texas,"Houston-The Woodlands-Sugar Land, TX HMFA",77027,0
metro-zcta,2026,TX,Texas,"Houston-The Woodlands-Sugar Land, TX HMFA",77030,0
metro-zcta,2026,TX,Texas,"Houston-The Woodlands-Sugar Land, TX HMFA",77041,0
metro-zcta,2026,TX,Texas,"Houston-The Woodlands-Sugar Land, TX HMFA",77044,0
metro-zcta,2026,TX,Texas,"Houston-The Woodlands-Sugar Land, TX HMFA",77046,0
metro-zcta,2026,TX,Texas,"Houston-The Woodlands-Sugar Land, TX HMFA",77056,0
metro-zcta,2026,TX,Texas,"Houston-The Woodlands-Sugar Land, TX HMFA",77059,0
metro-zcta,2026,TX,Texas,"Houston-The Woodlands-Sugar Land, TX HMFA",77077,0
metro-zcta,2026,TX,Texas,"Houston-The Woodlands-Sugar Land, TX HMFA",77094,0
metro-zcta,2026,TX,Texas,"Houston-The Woodlands-Sugar Land, TX HMFA",77098,0
metro-zcta,2026,TX,Texas,"Houston-The Woodlands-Sugar Land, TX HMFA",77345,0
metro-zcta,2026,TX,Texas,"Houston-The Woodlands-Sugar Land, TX HMFA",77346,0
metro-zcta,2026,TX,Texas,"Houston-The Woodlands-Sugar Land, TX HMFA",77362,0
metro-zcta,2026,TX,Texas,"Houston-The Woodlands-Sugar Land, TX HMFA",77373,0
metro-zcta,2026,TX,Texas,"Houston-The Woodlands-Sugar Land, TX HMFA",77377,0
metro-zcta,2026,TX,Texas,"Houston-The Woodlands-Sugar Land, TX HMFA",77380,0
metro-zcta,2026,TX,Texas,"Houston-The Woodlands-Sugar Land, TX HMFA",77381,0
metro-zcta,2026,TX,Texas,"Houston-The Woodlands-Sugar Land, TX HMFA",77382,0
metro-zcta,2026,TX,Texas,"Houston-The Woodlands-Sugar Land, TX HMFA",77385,0
metro-zcta,2026,TX,Texas,"Houston-The Woodlands-Sugar Land, TX HMFA",77386,0
metro-zcta,2026,TX,Texas,"Houston-The Woodlands-Sugar Land, TX HMFA",77388,0
metro-zcta,2026,TX,Texas,"Houston-The Woodlands-Sugar Land, TX HMFA",77389,0
metro-zcta,2026,TX,Texas,"Houston-The Woodlands-Sugar Land, TX HMFA",77401,0
metro-zcta,2026,TX,Texas,"Houston-The Woodlands-Sugar Land, TX HMFA",77406,0
metro-zcta,2026,TX,Texas,"Houston-The Woodlands-Sugar Land, TX HMFA",77407,0
metro-zcta,2026,TX,Texas,"Houston-The Woodlands-Sugar Land, TX HMFA",77433,0
metro-zcta,2026,TX,Texas,"Houston-The Woodlands-Sugar Land, TX HMFA",77441,0
metro-zcta,2026,TX,Texas,"Houston-The Woodlands-Sugar Land, TX HMFA",77449,0
metro-zcta,2026,TX,Texas,"Houston-The Woodlands-Sugar Land, TX HMFA",77450,0
metro-zcta,2026,TX,Texas,"Houston-The Woodlands-Sugar Land, TX HMFA",77459,0
metro-zcta,2026,TX,Texas,"Houston-The Woodlands-Sugar Land, TX HMFA",77478,0
metro-zcta,2026,TX,Texas,"Houston-The Woodlands-Sugar Land, TX HMFA",77479,0
metro-zcta,2026,TX,Texas,"Houston-The Woodlands-Sugar Land, TX HMFA",77489,0
metro-zcta,2026,TX,Texas,"Houston-The Woodlands-Sugar Land, TX HMFA",77493,0
metro-zcta,2026,TX,Texas,"Houston-The Woodlands-Sugar Land, TX HMFA",77494,0
metro-zcta,2026,TX,Texas,"Houston-The Woodlands-Sugar Land, TX HMFA",77498,0
metro-zcta,2026,TX,Texas,"Houston-The Woodlands-Sugar Land, TX HMFA",77507,0
metro-zcta,2026,TX,Texas,"Houston-The Woodlands-Sugar Land, TX HMFA",77545,1
metro-zcta,2026,TX,Texas,"Houston-The Woodlands-Sugar Land, TX HMFA",77546,1
metro-zcta,2026,TX,Texas,"Houston-The Woodlands-Sugar Land, TX HMFA",77573,0
metro-zcta,2026,TX,Texas,"Hudspeth County, TX HMFA",79938,1
metro-zcta,2026,TX,Texas,"Laredo, TX MSA",78045,0
metro-zcta,2026,TX,Texas,"Medina County, TX HMFA",78023,1
metro-zcta,2026,TX,Texas,"Midland, TX HMFA",79703,0
metro-zcta,2026,TX,Texas,"Odessa, TX MSA",79758,0
metro-zcta,2026,TX,Texas,"Odessa, TX MSA",79762,0
metro-zcta,2026,TX,Texas,"Odessa, TX MSA",79765,1
metro-zcta,2026,TX,Texas,"San Angelo, TX MSA",76905,0
metro-zcta,2026,TX,Texas,"San Antonio-New Braunfels, TX HMFA",78006,1
metro-zcta,2026,TX,Texas,"San Antonio-New Braunfels, TX HMFA",78015,1
metro-zcta,2026,TX,Texas,"San Antonio-New Braunfels, TX HMFA",78023,1
metro-zcta,2026,TX,Texas,"San Antonio-New Braunfels, TX HMFA",78108,0
metro-zcta,2026,TX,Texas,"San Antonio-New Braunfels, TX HMFA",78109,0
metro-zcta,2026,TX,Texas,"San Antonio-New Braunfels, TX HMFA",78154,0
metro-zcta,2026,TX,Texas,"San Antonio-New Braunfels, TX HMFA",78215,0
metro-zcta,2026,TX,Texas,"San Antonio-New Braunfels, TX HMFA",78234,0
metro-zcta,2026,TX,Texas,"San Antonio-New Braunfels, TX HMFA",78236,0
metro-zcta,2026,TX,Texas,"San Antonio-New Braunfels, TX HMFA",78244,0
metro-zcta,2026,TX,Texas,"San Antonio-New Braunfels, TX HMFA",78249,0
metro-zcta,2026,TX,Texas,"San Antonio-New Braunfels, TX HMFA",78252,0
metro-zcta,2026,TX,Texas,"San Antonio-New Braunfels, TX HMFA",78254,0
metro-zcta,2026,TX,Texas,"San Antonio-New Braunfels, TX HMFA",78255,0
metro-zcta,2026,TX,Texas,"San Antonio-New Braunfels, TX HMFA",78256,0
metro-zcta,2026,TX,Texas,"San Antonio-New Braunfels, TX HMFA",78257,0
metro-zcta,2026,TX,Texas,"San Antonio-New Braunfels, TX HMFA",78258,0
metro-zcta,2026,TX,Texas,"San Antonio-New Braunfels, TX HMFA",78260,0
metro-zcta,2026,TX,Texas,"San Antonio-New Braunfels, TX HMFA",78261,0
metro-zcta,2026,TX,Texas,"San Antonio-New Braunfels, TX HMFA",78266,0
metro-zcta,2026,TX,Texas,"San Antonio-New Braunfels, TX HMFA",78670,0
metro-zcta,2026,TX,Texas,"Waco, TX HMFA",76638,0
metro-zcta,2026,TX,Texas,"Waco, TX HMFA",76643,0
metro-zcta,2026,TX,Texas,"Waco, TX HMFA",76655,1
metro-zcta,2026,TX,Texas,"Waco, TX HMFA",76711,0
metro-zcta,2026,TX,Texas,"Wichita Falls, TX MSA",76311,0
metro-zcta,2026,TX,Texas,"Wise County, TX HMFA",76052,1
metro-zcta,2026,TX,Texas,"Wise County, TX HMFA",76487,1
metro-zcta,2026,UT,Utah,"Ogden, UT MSA",84075,0
metro-zcta,2026,UT,Utah,"Salt Lake City, UT HMFA",84009,0
metro-zcta,2026,UT,Utah,"Salt Lake City, UT HMFA",84092,0
metro-zcta,2026,UT,Utah,"Salt Lake City, UT HMFA",84093,0
metro-zcta,2026,UT,Utah,"St. George, UT MSA",84765,0
metro-zcta,2026,VA,Virginia,"Harrisonburg, VA MSA",22840,0
metro-zcta,2026,VA,Virginia,"Richmond, VA HMFA",23059,0
metro-zcta,2026,VA,Virginia,"Richmond, VA HMFA",23116,0
metro-zcta,2026,VA,Virginia,"Richmond, VA HMFA",23120,0
metro-zcta,2026,VA,Virginia,"Richmond, VA HMFA",23146,0
metro-zcta,2026,VA,Virginia,"Richmond, VA HMFA",23226,0
metro-zcta,2026,VA,Virginia,"Richmond, VA HMFA",23801,0
metro-zcta,2026,VA,Virginia,"Richmond, VA HMFA",23832,0
metro-zcta,2026,VA,Virginia,"Roanoke, VA HMFA",24083,0
metro-zcta,2026,VA,Virginia,"Staunton-Stuarts Draft, VA MSA",22939,0
metro-zcta,2026,VA,Virginia,"Virginia Beach-Norfolk-Newport News, VA-NC HMFA",23314,0
metro-zcta,2026,VA,Virginia,"Virginia Beach-Norfolk-Newport News, VA-NC HMFA",23320,0
metro-zcta,2026,VA,Virginia,"Virginia Beach-Norfolk-Newport News, VA-NC HMFA",23322,0
metro-zcta,2026,VA,Virginia,"Virginia Beach-Norfolk-Newport News, VA-NC HMFA",23323,0
metro-zcta,2026,VA,Virginia,"Virginia Beach-Norfolk-Newport News, VA-NC HMFA",23435,0
metro-zcta,2026,VA,Virginia,"Virginia Beach-Norfolk-Newport News, VA-NC HMFA",23438,0
metro-zcta,2026,VA,Virginia,"Virginia Beach-Norfolk-Newport News, VA-NC HMFA",23455,0
metro-zcta,2026,VA,Virginia,"Virginia Beach-Norfolk-Newport News, VA-NC HMFA",23456,0
metro-zcta,2026,VA,Virginia,"Virginia Beach-Norfolk-Newport News, VA-NC HMFA",23457,0
metro-zcta,2026,VA,Virginia,"Virginia Beach-Norfolk-Newport News, VA-NC HMFA",23461,0
metro-zcta,2026,VA,Virginia,"Virginia Beach-Norfolk-Newport News, VA-NC HMFA",23510,0
metro-zcta,2026,VA,Virginia,"Virginia Beach-Norfolk-Newport News, VA-NC HMFA",23511,0
metro-zcta,2026,VA,Virginia,"Virginia Beach-Norfolk-Newport News, VA-NC HMFA",23604,0
metro-zcta,2026,VA,Virginia,"Virginia Beach-Norfolk-Newport News, VA-NC HMFA",23651,0
metro-zcta,2026,VA,Virginia,"Virginia Beach-Norfolk-Newport News, VA-NC HMFA",23665,0
metro-zcta,2026,VA,Virginia,"Virginia Beach-Norfolk-Newport News, VA-NC HMFA",23691,0
metro-zcta,2026,VA,Virginia,"Virginia Beach-Norfolk-Newport News, VA-NC HMFA",23692,0
metro-zcta,2026,VA,Virginia,"Virginia Beach-Norfolk-Newport News, VA-NC HMFA",23693,0
metro-zcta,2026,VA,Virginia,"Virginia Beach-Norfolk-Newport News, VA-NC HMFA",23696,0
metro-zcta,2026,VA,Virginia,"Washington-Arlington-Alexandria, DC-VA-MD HMFA",20105,0
metro-zcta,2026,VA,Virginia,"Washington-Arlington-Alexandria, DC-VA-MD HMFA",20136,0
metro-zcta,2026,VA,Virginia,"Washington-Arlington-Alexandria, DC-VA-MD HMFA",20152,0
metro-zcta,2026,VA,Virginia,"Washington-Arlington-Alexandria, DC-VA-MD HMFA",20155,0
metro-zcta,2026,VA,Virginia,"Washington-Arlington-Alexandria, DC-VA-MD HMFA",20169,0
metro-zcta,2026,VA,Virginia,"Washington-Arlington-Alexandria, DC-VA-MD HMFA",22060,0
metro-zcta,2026,VA,Virginia,"Washington-Arlington-Alexandria, DC-VA-MD HMFA",22066,0
metro-zcta,2026,VA,Virginia,"Washington-Arlington-Alexandria, DC-VA-MD HMFA",22101,0
metro-zcta,2026,VA,Virginia,"Washington-Arlington-Alexandria, DC-VA-MD HMFA",22153,0
metro-zcta,2026,VA,Virginia,"Washington-Arlington-Alexandria, DC-VA-MD HMFA",22182,0
metro-zcta,2026,VA,Virginia,"Washington-Arlington-Alexandria, DC-VA-MD HMFA",22201,0
metro-zcta,2026,VA,Virginia,"Washington-Arlington-Alexandria, DC-VA-MD HMFA",22202,0
metro-zcta,2026,VA,Virginia,"Washington-Arlington-Alexandria, DC-VA-MD HMFA",22213,0
metro-zcta,2026,VA,Virginia,"Washington-Arlington-Alexandria, DC-VA-MD HMFA",22308,0
metro-zcta,2026,VA,Virginia,"Washington-Arlington-Alexandria, DC-VA-MD HMFA",22314,0
metro-zcta,2026,VA,Virginia,"Winchester, VA-WV MSA",22656,0
metro-zcta,2026,WA,Washington,"Bremerton-Silverdale-Port Orchard, WA MSA",98110,0
metro-zcta,2026,WA,Washington,"Bremerton-Silverdale-Port Orchard, WA MSA",98314,0
metro-zcta,2026,WA,Washington,"Bremerton-Silverdale-Port Orchard, WA MSA",98315,0
metro-zcta,2026,WA,Washington,"Bremerton-Silverdale-Port Orchard, WA MSA",98340,0
metro-zcta,2026,WA,Washington,"Bremerton-Silverdale-Port Orchard, WA MSA",98380,0
metro-zcta,2026,WA,Washington,"Bremerton-Silverdale-Port Orchard, WA MSA",98383,0
metro-zcta,2026,WA,Washington,"Kennewick-Richland, WA MSA",99353,0
metro-zcta,2026,WA,Washington,"Longview-Kelso, WA MSA",98601,1
metro-zcta,2026,WA,Washington,"Longview-Kelso, WA MSA",98616,1
metro-zcta,2026,WA,Washington,"Mount Vernon-Anacortes, WA MSA",98232,0
metro-zcta,2026,WA,Washington,"Olympia-Lacey-Tumwater, WA MSA",98516,0
metro-zcta,2026,WA,Washington,"Portland-Vancouver-Hillsboro, OR-WA MSA",98629,0
metro-zcta,2026,WA,Washington,"Portland-Vancouver-Hillsboro, OR-WA MSA",98642,0
metro-zcta,2026,WA,Washington,"Portland-Vancouver-Hillsboro, OR-WA MSA",98685,0
metro-zcta,2026,WA,Washington,"Seattle-Bellevue, WA HMFA",98004,0
metro-zcta,2026,WA,Washington,"Seattle-Bellevue, WA HMFA",98005,0
metro-zcta,2026,WA,Washington,"Seattle-Bellevue, WA HMFA",98006,0
metro-zcta,2026,WA,Washington,"Seattle-Bellevue, WA HMFA",98007,0
metro-zcta,2026,WA,Washington,"Seattle-Bellevue, WA HMFA",98008,0
metro-zcta,2026,WA,Washington,"Seattle-Bellevue, WA HMFA",98019,0
metro-zcta,2026,WA,Washington,"Seattle-Bellevue, WA HMFA",98021,0
metro-zcta,2026,WA,Washington,"Seattle-Bellevue, WA HMFA",98027,0
metro-zcta,2026,WA,Washington,"Seattle-Bellevue, WA HMFA",98029,0
metro-zcta,2026,WA,Washington,"Seattle-Bellevue, WA HMFA",98033,0
metro-zcta,2026,WA,Washington,"Seattle-Bellevue, WA HMFA",98034,0
metro-zcta,2026,WA,Washington,"Seattle-Bellevue, WA HMFA",98038,0
metro-zcta,2026,WA,Washington,"Seattle-Bellevue, WA HMFA",98039,0
metro-zcta,2026,WA,Washington,"Seattle-Bellevue, WA HMFA",98040,0
metro-zcta,2026,WA,Washington,"Seattle-Bellevue, WA HMFA",98052,0
metro-zcta,2026,WA,Washington,"Seattle-Bellevue, WA HMFA",98053,0
metro-zcta,2026,WA,Washington,"Seattle-Bellevue, WA HMFA",98065,0
metro-zcta,2026,WA,Washington,"Seattle-Bellevue, WA HMFA",98072,0
metro-zcta,2026,WA,Washington,"Seattle-Bellevue, WA HMFA",98074,0
metro-zcta,2026,WA,Washington,"Seattle-Bellevue, WA HMFA",98075,0
metro-zcta,2026,WA,Washington,"Seattle-Bellevue, WA HMFA",98077,0
metro-zcta,2026,WA,Washington,"Seattle-Bellevue, WA HMFA",98101,0
metro-zcta,2026,WA,Washington,"Seattle-Bellevue, WA HMFA",98103,0
metro-zcta,2026,WA,Washington,"Seattle-Bellevue, WA HMFA",98107,0
metro-zcta,2026,WA,Washington,"Seattle-Bellevue, WA HMFA",98109,0
metro-zcta,2026,WA,Washington,"Seattle-Bellevue, WA HMFA",98115,0
metro-zcta,2026,WA,Washington,"Seattle-Bellevue, WA HMFA",98121,0
metro-zcta,2026,WA,Washington,"Seattle-Bellevue, WA HMFA",98122,0
metro-zcta,2026,WA,Washington,"Seattle-Bellevue, WA HMFA",98199,0
metro-zcta,2026,WA,Washington,"Seattle-Bellevue, WA HMFA",98296,0
metro-zcta,2026,WA,Washington,"Spokane, WA HMFA",99005,0
metro-zcta,2026,WA,Washington,"Spokane, WA HMFA",99011,0
metro-zcta,2026,WA,Washington,"Spokane, WA HMFA",99019,0
metro-zcta,2026,WA,Washington,"Tacoma, WA HMFA",98092,1
metro-zcta,2026,WA,Washington,"Tacoma, WA HMFA",98327,0
metro-zcta,2026,WA,Washington,"Tacoma, WA HMFA",98332,0
metro-zcta,2026,WA,Washington,"Tacoma, WA HMFA",98333,0
metro-zcta,2026,WA,Washington,"Tacoma, WA HMFA",98335,0
metro-zcta,2026,WA,Washington,"Tacoma, WA HMFA",98354,1
metro-zcta,2026,WA,Washington,"Tacoma, WA HMFA",98360,0
metro-zcta,2026,WA,Washington,"Tacoma, WA HMFA",98374,0
metro-zcta,2026,WA,Washington,"Tacoma, WA HMFA",98375,0
metro-zcta,2026,WA,Washington,"Tacoma, WA HMFA",98390,0
metro-zcta,2026,WA,Washington,"Tacoma, WA HMFA",98391,0
metro-zcta,2026,WA,Washington,"Tacoma, WA HMFA",98407,0
metro-zcta,2026,WA,Washington,"Tacoma, WA HMFA",98422,1
metro-zcta,2026,WA,Washington,"Tacoma, WA HMFA",98424,0
metro-zcta,2026,WA,Washington,"Tacoma, WA HMFA",98446,0
metro-zcta,2026,WA,Washington,"Tacoma, WA HMFA",98558,0
metro-zcta,2026,WA,Washington,"Tacoma, WA HMFA",98580,0
metro-zcta,2026,WA,Washington,"Wenatchee-East Wenatchee, WA MSA",98831,0
metro-zcta,2026,WV,West Virginia,"Charleston, WV HMFA",25306,0
metro-zcta,2026,WI,Wisconsin,"Janesville-Beloit, WI MSA",53505,0
metro-zcta,2026,WI,Wisconsin,"Milwaukee-Waukesha, WI MSA",53005,0
metro-zcta,2026,PR,Puerto Rico,"Aguadilla, PR MSA",00603,0
metro-zcta,2026,PR,Puerto Rico,"Aguadilla, PR MSA",00677,0
metro-zcta,2026,PR,Puerto Rico,"Arecibo, PR MSA",00652,0
metro-zcta,2026,PR,Puerto Rico,"Barranquitas-Aibonito, PR HMFA",00650,1
metro-zcta,2026,PR,Puerto Rico,"Barranquitas-Aibonito, PR HMFA",00705,0
metro-zcta,2026,PR,Puerto Rico,"Barranquitas-Aibonito, PR HMFA",00766,1
metro-zcta,2026,PR,Puerto Rico,"Barranquitas-Aibonito, PR HMFA",00782,1
metro-zcta,2026,PR,Puerto Rico,"Barranquitas-Aibonito, PR HMFA",00783,1
metro-zcta,2026,PR,Puerto Rico,"Barranquitas-Aibonito, PR HMFA",00786,0
metro-zcta,2026,PR,Puerto Rico,"Caguas, PR HMFA",00727,0
metro-zcta,2026,PR,Puerto Rico,"Caguas, PR HMFA",00976,1
metro-zcta,2026,PR,Puerto Rico,"MayagÃ¼ez, PR HMFA",00660,0
metro-zcta,2026,PR,Puerto Rico,"Ponce, PR HMFA",00716,0
metro-zcta,2026,PR,Puerto Rico,"Ponce, PR HMFA",00730,0
metro-zcta,2026,PR,Puerto Rico,"Ponce, PR HMFA",00780,0
metro-zcta,2026,PR,Puerto Rico,"San Juan-Guaynabo, PR HMFA",00901,0
metro-zcta,2026,PR,Puerto Rico,"San Juan-Guaynabo, PR HMFA",00906,0
metro-zcta,2026,PR,Puerto Rico,"San Juan-Guaynabo, PR HMFA",00907,0
metro-zcta,2026,PR,Puerto Rico,"San Juan-Guaynabo, PR HMFA",00911,0
metro-zcta,2026,PR,Puerto Rico,"San Juan-Guaynabo, PR HMFA",00918,0
metro-zcta,2026,PR,Puerto Rico,"San Juan-Guaynabo, PR HMFA",00920,0
metro-zcta,2026,PR,Puerto Rico,"San Juan-Guaynabo, PR HMFA",00926,0
metro-zcta,2026,PR,Puerto Rico,"San Juan-Guaynabo, PR HMFA",00934,0
metro-zcta,2026,PR,Puerto Rico,"San Juan-Guaynabo, PR HMFA",00953,0
metro-zcta,2026,PR,Puerto Rico,"San Juan-Guaynabo, PR HMFA",00957,0
metro-zcta,2026,PR,Puerto Rico,"San Juan-Guaynabo, PR HMFA",00959,0
metro-zcta,2026,PR,Puerto Rico,"San Juan-Guaynabo, PR HMFA",00961,0
metro-zcta,2026,PR,Puerto Rico,"San Juan-Guaynabo, PR HMFA",00966,0
metro-zcta,2026,PR,Puerto Rico,"San Juan-Guaynabo, PR HMFA",00968,0
metro-zcta,2026,PR,Puerto Rico,"San Juan-Guaynabo, PR HMFA",00969,0
metro-zcta,2026,PR,Puerto Rico,"San Juan-Guaynabo, PR HMFA",00979,0
metro-zcta,2026,PR,Puerto Rico,"San Juan-Guaynabo, PR HMFA",00987,0
